"Exchange Date","Close","Net","Open","
Low","
High","Volume","OI","Bid","Ask"
"13-Feb-2025","71.00","-0.37","71.24","70.53","71.32","34,848","","71.00","71.01"
"12-Feb-2025","71.37","-1.95","73.20","71.17","73.22","318,123","148,860.00","71.19","71.22"
"11-Feb-2025","73.32","+1.00","72.49","72.31","73.68","266,819","179,600.00","73.16","73.22"
"10-Feb-2025","72.32","+1.32","71.00","70.84","72.54","255,941","211,466.00","72.45","72.50"
"07-Feb-2025","71.00","+0.39","70.56","70.47","71.41","273,766","239,438.00","71.06","71.10"
"06-Feb-2025","70.61","-0.42","71.18","70.43","71.85","299,037","266,938.00","70.50","70.54"
"05-Feb-2025","71.03","-1.67","72.76","70.96","72.97","289,902","269,321.00","71.12","71.18"
"04-Feb-2025","72.70","-0.46","72.35","70.67","73.35","452,961","276,301.00","72.69","72.74"
"03-Feb-2025","73.16","+0.63","74.14","72.05","75.18","517,853","292,177.00","72.22","72.38"
"31-Jan-2025","72.53","-0.20","73.20","71.94","73.84","376,335","306,594.00","73.69","73.86"
"30-Jan-2025","72.73","+0.11","73.00","72.02","73.84","336,475","311,871.00","73.22","73.28"
"29-Jan-2025","72.62","-1.15","73.95","72.33","74.08","312,733","319,397.00","72.99","73.03"
"28-Jan-2025","73.77","+0.60","73.15","72.93","74.31","326,075","328,606.00","73.94","73.98"
"27-Jan-2025","73.17","-1.49","74.54","72.38","75.15","334,418","330,550.00","73.07","73.11"
"24-Jan-2025","74.66","+0.04","74.30","74.01","75.21","319,679","334,681.00","74.59","74.62"
"23-Jan-2025","74.62","-0.82","75.39","74.14","76.00","350,688","345,849.00","74.26","74.28"
"22-Jan-2025","75.44","-0.45","75.88","75.28","76.45","315,333","361,898.00","75.41","75.45"
"21-Jan-2025","75.89","-1.99","78.19","75.49","78.47","28,413","8,138.00","",""
"17-Jan-2025","77.88","-0.80","78.75","77.76","79.44","112,409","19,154.00","77.55","79.72"
"16-Jan-2025","78.68","-1.36","80.40","77.87","80.59","159,948","50,656.00","78.52","79.72"
"15-Jan-2025","80.04","+2.54","78.03","77.24","80.77","321,422","79,676.00","80.47","80.52"
"14-Jan-2025","77.50","-1.32","78.82","77.41","79.09","326,729","115,393.00","78.08","78.12"
"13-Jan-2025","78.82","+2.25","76.54","76.54","79.27","460,942","148,350.00","78.76","78.80"
"10-Jan-2025","76.57","+2.65","74.29","74.02","77.86","478,432","203,045.00","76.53","76.58"
"09-Jan-2025","73.92","+0.60","73.32","72.84","74.32","213,421","231,639.00","74.28","74.32"
"08-Jan-2025","73.32","-0.93","74.52","73.16","75.29","328,617","244,353.00","73.29","73.34"
"07-Jan-2025","74.25","+0.69","73.44","73.11","74.53","277,328","270,820.00","74.42","74.43"
"06-Jan-2025","73.56","-0.40","74.05","73.20","74.99","306,042","281,898.00","73.40","73.44"
"03-Jan-2025","73.96","+0.83","73.13","72.70","74.35","296,040","310,913.00","74.04","74.10"
"02-Jan-2025","73.13","+1.41","71.85","71.79","73.73","306,498","325,952.00","73.11","73.14"
"31-Dec-2024","71.72","+0.73","71.15","70.87","72.02","151,155","340,630.00","71.85","71.89"
"30-Dec-2024","70.99","+0.39","70.42","70.12","71.56","199,296","338,865.00","71.11","71.14"
"27-Dec-2024","70.60","+0.98","69.68","69.44","70.75","172,641","340,806.00","70.23","70.28"
"26-Dec-2024","69.62","-0.48","70.20","69.33","70.75","144,877","340,519.00","69.51","69.69"
"24-Dec-2024","70.10","+0.86","69.56","69.36","70.43","122,602","342,490.00","70.12","70.38"
"23-Dec-2024","69.24","-0.22","69.40","68.59","69.94","188,843","338,778.00","69.45","69.62"
"20-Dec-2024","69.46","-0.45","69.23","68.42","69.85","231,592","345,037.00","69.54","69.59"
"19-Dec-2024","69.91","-0.67","70.14","69.70","71.26","32,896","2,374.00","",""
"18-Dec-2024","70.58","+0.50","70.22","69.99","71.38","99,386","18,610.00","69.73","71.42"
"17-Dec-2024","70.08","-0.63","70.61","69.18","70.92","99,604","53,003.00","69.73","70.48"
"16-Dec-2024","70.71","-0.58","71.44","70.37","71.44","204,296","80,837.00","70.61","70.67"
"13-Dec-2024","71.29","+1.27","70.06","69.87","71.42","230,429","115,776.00","71.06","71.12"
"12-Dec-2024","70.02","-0.27","70.43","69.14","70.72","326,046","138,987.00","69.98","70.02"
"11-Dec-2024","70.29","+1.70","68.50","68.44","70.53","335,892","172,620.00","70.37","70.40"
"10-Dec-2024","68.59","+0.22","68.19","67.72","69.06","286,003","207,468.00","68.46","68.48"
"09-Dec-2024","68.37","+1.17","67.15","67.08","68.88","297,085","232,519.00","68.12","68.15"
"06-Dec-2024","67.20","-1.10","68.44","66.98","68.49","341,593","268,503.00","67.16","67.19"
"05-Dec-2024","68.30","-0.24","68.74","67.98","69.16","286,701","288,029.00","68.44","68.47"
"04-Dec-2024","68.54","-1.40","70.02","68.49","70.51","325,636","298,906.00","68.63","68.74"
"03-Dec-2024","69.94","+1.84","68.16","67.91","70.23","303,752","314,667.00","69.96","69.99"
"02-Dec-2024","68.10","+0.10","68.00","67.71","69.11","264,883","328,618.00","68.16","68.18"
"29-Nov-2024","68.00","-0.72","68.77","67.87","69.69","291,408","331,100.00","68.14","68.15"
"27-Nov-2024","68.72","-0.05","68.91","68.18","69.37","227,215","327,399.00","68.76","68.78"
"26-Nov-2024","68.77","-0.17","69.08","68.05","70.30","292,138","329,053.00","68.95","69.00"
"25-Nov-2024","68.94","-2.30","71.44","68.74","71.48","380,922","335,805.00","69.07","69.09"
"22-Nov-2024","71.24","+1.14","70.18","69.29","71.51","408,207","346,924.00","71.16","71.22"
"21-Nov-2024","70.10","+1.23","69.04","68.86","70.38","283,850","368,534.00","70.12","70.14"
"20-Nov-2024","68.87","-0.52","69.55","68.75","70.15","24,429","8,082.00","",""
"19-Nov-2024","69.39","+0.23","69.01","68.45","69.69","89,360","21,833.00","68.82","69.73"
"18-Nov-2024","69.16","+2.14","66.86","66.61","69.39","110,375","52,304.00","68.60","69.40"
"15-Nov-2024","67.02","-1.68","68.62","66.82","68.69","205,235","79,472.00","66.93","66.97"
"14-Nov-2024","68.70","+0.27","68.13","67.92","69.39","232,270","116,040.00","68.59","68.63"
"13-Nov-2024","68.43","+0.31","67.98","66.94","68.86","386,027","140,693.00","68.03","68.06"
"12-Nov-2024","68.12","+0.08","68.15","67.75","69.13","286,926","169,247.00","67.95","67.98"
"11-Nov-2024","68.04","-2.34","70.25","67.92","70.56","364,506","197,298.00","68.12","68.17"
"08-Nov-2024","70.38","-1.98","72.21","69.99","72.25","362,038","221,179.00","70.40","70.44"
"07-Nov-2024","72.36","+0.67","71.87","70.66","72.88","353,595","254,863.00","72.17","72.20"
"06-Nov-2024","71.69","-0.30","72.02","69.74","72.63","388,265","279,129.00","71.87","71.92"
"05-Nov-2024","71.99","+0.52","71.62","71.29","72.67","247,311","287,694.00","71.94","72.12"
"04-Nov-2024","71.47","+1.98","70.29","70.25","71.81","286,947","303,362.00","71.67","71.70"
"01-Nov-2024","69.49","+0.23","70.44","69.32","71.45","320,572","321,506.00","69.32","69.35"
"31-Oct-2024","69.26","+0.65","69.10","68.30","70.81","311,055","339,370.00","70.50","70.54"
"30-Oct-2024","68.61","+1.40","67.47","67.28","69.17","284,795","345,864.00","69.06","69.09"
"29-Oct-2024","67.21","-0.17","68.02","66.72","68.52","291,929","354,114.00","67.47","67.50"
"28-Oct-2024","67.38","-4.40","68.98","66.92","69.00","419,623","349,385.00","68.00","68.03"
"25-Oct-2024","71.78","+1.59","70.33","69.96","71.92","287,189","336,548.00","71.67","71.70"
"24-Oct-2024","70.19","-0.58","71.02","69.77","72.34","286,571","344,297.00","70.32","70.36"
"23-Oct-2024","70.77","-1.32","71.35","70.13","71.72","293,835","339,104.00","71.02","71.06"
"22-Oct-2024","72.09","+1.53","70.49","70.05","72.66","32,180","4,474.00","",""
"21-Oct-2024","70.56","+1.34","69.46","69.00","71.03","92,584","22,842.00","69.00","71.04"
"18-Oct-2024","69.22","-1.45","70.75","68.69","71.23","95,768","60,833.00","69.25","69.64"
"17-Oct-2024","70.67","+0.28","70.68","69.44","71.11","188,161","83,042.00","70.75","70.77"
"16-Oct-2024","70.39","-0.19","70.99","69.64","71.31","222,437","123,204.00","70.68","70.72"
"15-Oct-2024","70.58","-3.25","71.51","69.71","72.12","328,738","137,889.00","71.03","71.05"
"14-Oct-2024","73.83","-1.73","75.05","71.81","75.08","273,455","158,279.00","71.72","72.04"
"11-Oct-2024","75.56","-0.29","75.74","74.53","76.04","315,302","169,437.00","75.40","75.54"
"10-Oct-2024","75.85","+2.61","73.39","73.26","76.24","321,453","189,085.00","75.51","75.80"
"09-Oct-2024","73.24","-0.33","73.84","71.53","74.45","401,159","197,403.00","73.25","73.40"
"08-Oct-2024","73.57","-3.57","77.33","72.69","78.46","496,760","221,249.00","73.80","73.95"
"07-Oct-2024","77.14","+2.76","74.40","73.62","77.40","419,018","242,047.00","77.28","77.30"
"04-Oct-2024","74.38","+0.67","73.95","73.46","75.57","428,815","265,679.00","74.44","74.47"
"03-Oct-2024","73.71","+3.61","70.98","70.52","74.09","460,554","290,973.00","73.70","73.73"
"02-Oct-2024","70.10","+0.27","70.80","69.87","72.49","429,225","308,702.00","71.00","71.02"
"01-Oct-2024","69.83","+1.66","68.41","66.33","71.94","668,216","305,581.00","70.64","70.80"
"30-Sep-2024","68.17","-0.01","68.63","67.57","69.32","350,115","318,997.00","68.29","68.30"
"27-Sep-2024","68.18","+0.51","67.45","67.06","68.65","341,133","329,816.00","68.63","68.64"
"26-Sep-2024","67.67","-2.02","69.89","66.95","70.01","478,069","333,560.00","67.45","67.48"
"25-Sep-2024","69.69","-1.87","71.54","69.23","71.72","476,237","337,946.00","69.84","69.85"
"24-Sep-2024","71.56","+1.19","70.76","70.44","72.40","318,516","350,623.00","71.54","71.56"
"23-Sep-2024","70.37","-1.55","71.31","69.49","71.81","338,267","355,290.00","70.72","70.74"
"20-Sep-2024","71.92","-0.03","72.10","71.36","72.40","43,889","786.00","",""
"19-Sep-2024","71.95","+1.04","70.13","70.13","72.49","86,630","19,413.00","71.38","72.44"
"18-Sep-2024","70.91","-0.28","71.14","69.73","71.48","102,907","57,428.00","70.00","70.95"
"17-Sep-2024","71.19","+1.10","70.50","69.61","71.92","251,629","84,184.00","71.02","71.23"
"16-Sep-2024","70.09","+1.44","69.16","68.65","70.70","295,176","132,538.00","70.49","70.51"
"13-Sep-2024","68.65","-0.32","69.31","68.47","70.32","308,983","168,202.00","69.22","69.25"
"12-Sep-2024","68.97","+1.66","67.39","67.24","69.81","351,976","201,028.00","69.17","69.19"
"11-Sep-2024","67.31","+1.56","66.28","65.63","67.97","393,311","219,822.00","67.37","67.40"
"10-Sep-2024","65.75","-2.96","68.78","65.27","69.08","442,855","233,215.00","66.28","66.33"
"09-Sep-2024","68.71","+1.04","68.13","67.31","68.96","299,738","242,556.00","68.78","68.82"
"06-Sep-2024","67.67","-1.48","69.33","67.17","70.13","351,074","249,665.00","68.16","68.18"
"05-Sep-2024","69.15","-0.05","69.27","68.75","70.82","405,596","251,340.00","69.30","69.33"
"04-Sep-2024","69.20","-1.14","70.28","68.82","71.46","482,025","259,532.00","69.24","69.27"
"03-Sep-2024","70.34","-3.21","73.53","70.10","74.41","546,617","270,539.00","70.21","70.24"
"30-Aug-2024","73.55","-2.36","75.87","73.36","76.59","427,273","271,331.00","73.64","73.67"
"29-Aug-2024","75.91","+1.39","74.42","74.05","76.91","408,147","297,127.00","76.00","76.04"
"28-Aug-2024","74.52","-1.01","75.75","73.82","75.95","337,361","304,553.00","74.37","74.39"
"27-Aug-2024","75.53","-1.89","77.20","75.40","77.48","331,162","313,117.00","75.75","75.77"
"26-Aug-2024","77.42","+2.59","75.10","75.04","77.60","409,675","328,534.00","77.15","77.18"
"23-Aug-2024","74.83","+1.82","72.96","72.83","75.07","313,764","345,594.00","74.96","74.98"
"22-Aug-2024","73.01","+1.08","71.93","71.58","73.52","334,117","353,754.00","72.97","73.00"
"21-Aug-2024","71.93","-2.11","73.12","71.46","74.16","390,527","357,897.00","71.94","71.96"
"20-Aug-2024","74.04","-0.33","74.34","73.50","75.03","25,800","1,398.00","",""
"19-Aug-2024","74.37","-2.28","76.58","74.17","76.87","118,172","20,730.00","73.01","78.01"
"16-Aug-2024","76.65","-1.51","78.16","75.54","78.16","100,810","65,315.00","76.35","76.62"
"15-Aug-2024","78.16","+1.18","77.52","76.93","78.60","195,122","82,533.00","77.97","78.17"
"14-Aug-2024","76.98","-1.37","78.73","76.83","79.10","357,636","115,524.00","77.09","77.31"
"13-Aug-2024","78.35","-1.71","79.74","78.16","80.15","370,763","157,672.00","78.52","78.74"
"12-Aug-2024","80.06","+3.22","76.99","76.70","80.16","376,747","185,959.00","79.67","79.69"
"09-Aug-2024","76.84","+0.65","76.02","75.85","77.09","263,007","210,263.00","76.90","77.20"
"08-Aug-2024","76.19","+0.96","75.47","74.60","76.52","327,301","228,544.00","76.00","76.19"
"07-Aug-2024","75.23","+2.03","72.84","72.58","75.84","427,995","259,796.00","75.36","75.50"
"06-Aug-2024","73.20","+0.26","73.86","72.20","74.56","352,250","287,732.00","72.82","73.15"
"05-Aug-2024","72.94","-0.58","74.21","71.67","74.46","500,151","302,128.00","73.65","74.12"
"02-Aug-2024","73.52","-2.79","76.87","72.97","77.29","467,786","326,391.00","74.03","74.25"
"01-Aug-2024","76.31","-1.60","78.59","76.24","78.88","383,014","328,559.00","76.81","76.97"
"31-Jul-2024","77.91","+3.18","75.24","75.18","78.66","460,315","331,682.00","78.51","78.69"
"30-Jul-2024","74.73","-1.08","75.91","74.59","75.97","419,478","335,749.00","75.25","75.28"
"29-Jul-2024","75.81","-1.35","77.30","75.35","77.69","362,635","363,651.00","75.91","75.92"
"26-Jul-2024","77.16","-1.12","78.35","76.19","78.60","365,121","378,947.00","76.43","76.45"
"25-Jul-2024","78.28","+0.69","77.50","76.04","78.47","457,288","395,137.00","78.33","78.35"
"24-Jul-2024","77.59","+0.63","77.45","76.98","78.19","355,971","393,388.00","77.48","77.51"
"23-Jul-2024","76.96","-2.82","78.27","76.40","78.73","417,941","405,218.00","77.46","77.48"
"22-Jul-2024","79.78","-0.35","80.39","79.17","80.69","27,335","1,111.00","",""
"19-Jul-2024","80.13","-2.69","82.47","80.07","82.88","83,795","21,402.00","79.92","80.39"
"18-Jul-2024","82.82","-0.03","83.11","82.04","83.82","95,704","51,200.00","82.20","82.86"
"17-Jul-2024","82.85","+2.09","80.85","80.45","83.10","257,437","76,788.00","83.09","83.10"
"16-Jul-2024","80.76","-1.15","81.92","80.22","81.93","308,186","117,205.00","80.81","80.83"
"15-Jul-2024","81.91","-0.30","82.16","81.47","82.58","296,520","156,251.00","81.95","81.97"
"12-Jul-2024","82.21","-0.41","82.86","82.10","83.74","370,062","185,720.00","82.19","82.20"
"11-Jul-2024","82.62","+0.52","82.40","81.63","83.13","324,170","225,563.00","82.82","82.84"
"10-Jul-2024","82.10","+0.69","81.81","80.81","82.66","334,380","241,305.00","82.39","82.41"
"09-Jul-2024","81.41","-0.92","82.22","81.25","82.48","297,325","250,246.00","81.81","81.82"
"08-Jul-2024","82.33","-0.83","83.15","82.08","83.32","251,774","259,927.00","82.20","82.23"
"05-Jul-2024","83.16","-0.72","83.60","83.02","84.52","361,357","266,354.00","83.44","83.46"
"03-Jul-2024","83.88","+1.07","83.20","82.46","83.93","289,685","277,505.00","83.59","83.63"
"02-Jul-2024","82.81","-0.57","83.43","82.72","84.38","367,787","291,548.00","83.15","83.18"
"01-Jul-2024","83.38","+1.84","81.45","81.38","83.64","345,780","320,798.00","83.37","83.41"
"28-Jun-2024","81.54","-0.20","81.86","80.97","82.72","260,252","324,086.00","81.45","81.48"
"27-Jun-2024","81.74","+0.84","80.86","80.51","82.04","306,342","336,012.00","81.80","81.82"
"26-Jun-2024","80.90","+0.07","80.72","80.18","81.63","308,410","338,926.00","80.86","80.90"
"25-Jun-2024","80.83","-0.80","81.70","80.55","81.90","286,038","344,582.00","80.75","80.79"
"24-Jun-2024","81.63","+0.90","80.45","80.23","81.78","271,745","345,351.00","81.73","81.75"
"21-Jun-2024","80.73","-1.44","81.27","80.35","81.79","290,500","340,335.00","80.56","80.61"
"20-Jun-2024","82.17","+0.60","81.52","81.13","82.41","23,268","6,433.00","",""
"18-Jun-2024","81.57","+1.24","80.43","79.77","81.67","140,709","23,329.00","79.41","81.70"
"17-Jun-2024","80.33","+1.88","78.48","77.98","80.66","126,733","71,092.00","80.57","80.60"
"14-Jun-2024","78.45","-0.17","77.96","77.73","79.15","245,827","95,233.00","78.46","78.51"
"13-Jun-2024","78.62","+0.12","78.37","77.67","78.89","307,638","131,772.00","77.90","77.96"
"12-Jun-2024","78.50","+0.60","78.22","77.88","79.32","322,285","177,666.00","78.31","78.33"
"11-Jun-2024","77.90","+0.16","78.12","77.22","78.36","314,874","208,528.00","78.16","78.19"
"10-Jun-2024","77.74","+2.21","75.35","75.23","78.29","317,031","240,326.00","78.22","78.27"
"07-Jun-2024","75.53","-0.02","75.67","75.21","76.25","280,253","269,326.00","75.35","75.38"
"06-Jun-2024","75.55","+1.48","74.30","74.06","75.79","291,082","295,892.00","75.66","75.68"
"05-Jun-2024","74.07","+0.82","72.90","72.82","74.33","307,701","313,555.00","74.28","74.30"
"04-Jun-2024","73.25","-0.97","74.02","72.48","74.13","408,721","331,032.00","72.90","72.93"
"03-Jun-2024","74.22","-2.77","76.97","73.98","77.52","443,271","347,494.00","73.98","74.03"
"31-May-2024","76.99","-0.92","77.91","76.67","78.62","345,120","361,691.00","77.07","77.40"
"30-May-2024","77.91","-1.32","79.28","77.63","79.42","373,779","385,511.00","77.85","77.91"
"29-May-2024","79.23","-0.60","80.26","78.99","80.62","259,594","383,835.00","79.25","79.30"
"28-May-2024","79.83","+2.11","77.81","77.69","80.29","334,074","399,183.00","80.26","80.30"
"24-May-2024","77.72","+0.85","77.04","76.15","78.05","299,075","403,143.00","77.77","77.83"
"23-May-2024","76.87","-0.70","77.29","76.43","78.66","330,273","410,911.00","76.93","76.98"
"22-May-2024","77.57","-1.69","78.21","77.25","78.41","314,145","414,530.00","77.22","77.27"
"21-May-2024","79.26","-0.54","79.70","78.08","79.72","34,179","4,346.00","",""
"20-May-2024","79.80","-0.26","80.01","79.17","80.60","85,072","22,678.00","78.85","80.25"
"17-May-2024","80.06","+0.83","79.38","79.00","80.14","94,152","64,368.00","79.75","80.00"
"16-May-2024","79.23","+0.60","78.84","78.20","79.85","230,277","87,602.00","79.31","79.35"
"15-May-2024","78.63","+0.61","78.44","76.70","78.92","321,267","132,482.00","78.87","78.90"
"14-May-2024","78.02","-1.10","79.23","77.68","79.38","307,410","174,161.00","78.43","78.46"
"13-May-2024","79.12","+0.86","78.18","77.78","79.49","287,701","205,002.00","79.17","79.23"
"10-May-2024","78.26","-1.00","79.59","78.14","79.96","281,169","239,274.00","78.18","78.23"
"09-May-2024","79.26","+0.27","79.23","78.91","79.80","272,712","259,315.00","79.57","79.59"
"08-May-2024","78.99","+0.61","78.34","76.89","79.27","355,449","278,140.00","79.19","79.24"
"07-May-2024","78.38","-0.10","78.72","77.55","79.17","327,593","308,755.00","78.33","78.37"
"06-May-2024","78.48","+0.37","78.16","77.91","79.09","297,369","332,805.00","78.66","78.71"
"03-May-2024","78.11","-0.84","79.07","77.96","79.63","324,438","347,488.00","77.95","78.01"
"02-May-2024","78.95","-0.05","79.15","78.41","79.90","359,652","361,263.00","79.05","79.09"
"01-May-2024","79.00","-2.93","81.48","78.83","81.57","441,978","378,634.00","79.10","79.13"
"30-Apr-2024","81.93","-0.70","82.76","80.95","83.30","400,680","374,353.00","81.52","81.56"
"29-Apr-2024","82.63","-1.22","83.69","82.40","83.91","336,984","382,587.00","82.73","82.77"
"26-Apr-2024","83.85","+0.28","83.81","83.35","84.46","244,090","398,856.00","83.64","83.70"
"25-Apr-2024","83.57","+0.76","82.83","81.99","83.83","314,116","391,933.00","83.75","83.81"
"24-Apr-2024","82.81","-0.55","83.40","82.44","83.71","329,077","394,758.00","82.80","82.85"
"23-Apr-2024","83.36","+0.51","82.13","80.88","83.43","355,814","390,272.00","83.36","83.40"
"22-Apr-2024","82.85","-0.29","83.05","81.85","83.35","30,212","2,610.00","",""
"19-Apr-2024","83.14","+0.41","82.62","81.80","86.28","76,901","23,454.00","82.33","85.90"
"18-Apr-2024","82.73","+0.04","82.79","81.56","83.47","84,468","53,643.00","82.17","82.76"
"17-Apr-2024","82.69","-2.67","85.36","82.55","85.51","259,540","76,911.00","82.82","82.86"
"16-Apr-2024","85.36","-0.05","85.70","84.75","86.18","241,343","116,585.00","85.29","85.33"
"15-Apr-2024","85.41","-0.25","85.93","84.05","86.11","343,894","131,608.00","85.62","85.66"
"12-Apr-2024","85.66","+0.64","85.60","85.24","87.67","369,958","157,589.00","85.43","85.48"
"11-Apr-2024","85.02","-1.19","86.32","84.84","86.63","388,128","177,793.00","85.56","85.61"
"10-Apr-2024","86.21","+0.98","85.34","84.55","86.38","373,939","210,937.00","86.24","86.29"
"09-Apr-2024","85.23","-1.20","86.59","85.09","86.98","314,994","224,922.00","85.32","85.35"
"08-Apr-2024","86.43","-0.48","86.10","84.69","87.10","393,734","241,216.00","86.54","86.60"
"05-Apr-2024","86.91","+0.32","86.86","86.32","87.63","353,206","275,999.00","86.72","86.78"
"04-Apr-2024","86.59","+1.16","85.66","84.64","87.22","359,534","299,809.00","86.77","86.91"
"03-Apr-2024","85.43","+0.28","85.46","84.85","86.20","322,549","314,772.00","85.60","85.65"
"02-Apr-2024","85.15","+1.44","84.04","83.85","85.50","344,040","326,287.00","85.40","85.48"
"01-Apr-2024","83.71","+0.54","83.14","82.60","84.49","321,059","335,482.00","83.95","84.00"
"28-Mar-2024","83.17","+1.82","81.71","81.52","83.21","293,774","348,085.00","83.10","83.16"
"27-Mar-2024","81.35","-0.27","81.29","80.55","81.74","249,964","352,238.00","81.66","81.74"
"26-Mar-2024","81.62","-0.33","81.94","81.22","82.36","235,845","356,439.00","81.27","81.29"
"25-Mar-2024","81.95","+1.32","80.85","80.59","82.48","300,360","350,525.00","81.98","82.00"
"22-Mar-2024","80.63","-0.44","80.84","80.42","81.45","231,101","347,082.00","80.78","80.81"
"21-Mar-2024","81.07","-0.61","81.49","80.30","81.92","266,860","354,239.00","80.78","80.83"
"20-Mar-2024","81.68","-1.79","83.20","81.44","83.21","26,044","1,613.00","",""
"19-Mar-2024","83.47","+0.75","82.85","82.39","83.85","76,814","15,695.00","80.55","83.90"
"18-Mar-2024","82.72","+1.68","81.03","81.01","83.09","84,718","43,597.00","82.63","83.25"
"15-Mar-2024","81.04","-0.22","81.14","80.49","81.45","185,078","66,311.00","80.98","81.04"
"14-Mar-2024","81.26","+1.54","79.63","79.57","81.62","297,450","107,527.00","81.04","81.08"
"13-Mar-2024","79.72","+2.16","78.06","77.57","79.90","316,390","141,154.00","79.57","79.63"
"12-Mar-2024","77.56","-0.37","78.09","77.34","78.73","309,922","173,984.00","78.03","78.06"
"11-Mar-2024","77.93","-0.08","77.80","76.79","78.47","329,873","194,591.00","78.12","78.13"
"08-Mar-2024","78.01","-0.92","79.51","77.56","79.99","347,533","219,811.00","77.82","77.87"
"07-Mar-2024","78.93","-0.20","79.13","78.02","79.53","432,923","244,312.00","79.44","79.50"
"06-Mar-2024","79.13","+0.98","78.15","77.99","80.67","371,049","262,295.00","79.09","79.13"
"05-Mar-2024","78.15","-0.59","78.74","77.52","79.49","436,521","263,409.00","78.13","78.15"
"04-Mar-2024","78.74","-1.23","80.14","78.56","80.41","347,214","263,962.00","78.76","78.79"
"01-Mar-2024","79.97","+1.71","78.28","78.05","80.85","363,417","284,231.00","79.79","79.83"
"29-Feb-2024","78.26","-0.28","78.20","77.94","79.28","317,939","284,672.00","78.26","78.31"
"28-Feb-2024","78.54","-0.33","78.48","77.78","79.62","330,043","303,260.00","78.25","78.33"
"27-Feb-2024","78.87","+1.29","77.62","77.17","79.00","269,236","329,921.00","78.49","78.55"
"26-Feb-2024","77.58","+1.09","76.40","75.84","78.03","274,710","340,212.00","77.57","77.63"
"23-Feb-2024","76.49","-2.12","78.37","76.35","78.39","353,437","347,505.00","76.56","76.62"
"22-Feb-2024","78.61","+0.70","78.09","77.23","78.92","330,511","350,623.00","78.31","78.38"
"21-Feb-2024","77.91","-0.27","77.15","76.32","78.08","323,243","354,763.00","78.01","78.06"
"20-Feb-2024","78.18","-1.01","78.98","77.67","79.80","34,867","4,446.00","",""
"16-Feb-2024","79.19","+1.16","78.11","77.22","79.35","113,713","25,634.00","78.93","79.32"
"15-Feb-2024","78.03","+1.39","76.60","75.78","78.44","122,432","54,215.00","77.92","78.18"
"14-Feb-2024","76.64","-1.23","77.81","76.38","78.77","296,131","73,999.00","76.52","76.57"
"13-Feb-2024","77.87","+0.95","77.03","76.87","78.47","338,174","115,236.00","77.73","77.79"
"12-Feb-2024","76.92","+0.08","76.60","75.54","77.09","248,476","160,677.00","76.93","76.98"
"09-Feb-2024","76.84","+0.62","76.42","75.93","77.29","302,612","199,432.00","76.55","76.63"
"08-Feb-2024","76.22","+2.36","74.08","73.56","76.59","377,906","238,999.00","76.45","76.49"
"07-Feb-2024","73.86","+0.55","73.50","73.23","74.22","294,955","283,050.00","74.04","74.12"
"06-Feb-2024","73.31","+0.53","72.76","72.38","73.82","310,955","312,531.00","73.45","73.50"
"05-Feb-2024","72.78","+0.50","72.75","71.41","73.28","350,843","331,359.00","72.76","72.85"
"02-Feb-2024","72.28","-1.54","73.91","71.79","74.52","467,768","350,720.00","72.28","72.50"
"01-Feb-2024","73.82","-2.03","75.96","73.70","76.95","577,936","360,655.00","73.85","73.99"
"31-Jan-2024","75.85","-1.97","77.84","75.52","78.11","344,493","384,252.00","75.79","75.86"
"30-Jan-2024","77.82","+1.04","77.02","75.85","78.14","347,242","387,266.00","77.78","77.84"
"29-Jan-2024","76.78","-1.23","78.90","76.41","79.29","331,925","389,098.00","76.93","76.99"
"26-Jan-2024","78.01","+0.65","77.15","76.06","78.26","365,456","387,799.00","78.21","78.26"
"25-Jan-2024","77.36","+2.27","75.30","75.16","77.51","320,177","390,971.00","77.05","77.14"
"24-Jan-2024","75.09","+0.72","74.57","73.94","75.83","323,726","394,223.00","75.34","75.39"
"23-Jan-2024","74.37","-0.82","74.68","73.41","75.25","306,060","381,504.00","74.46","74.54"
"22-Jan-2024","75.19","+1.78","73.41","72.89","75.75","28,907","1,870.00","",""
"19-Jan-2024","73.41","-0.67","74.08","73.20","74.91","78,234","23,764.00","73.41","75.20"
"18-Jan-2024","74.08","+1.52","72.78","72.18","74.38","86,646","62,919.00","73.85","74.03"
"17-Jan-2024","72.56","+0.16","72.00","70.50","72.95","315,679","84,426.00","72.82","72.84"
"16-Jan-2024","72.40","-0.28","72.63","71.23","73.56","430,437","114,759.00","71.91","71.97"
"12-Jan-2024","72.68","+0.66","73.01","72.36","75.25","403,636","148,743.00","72.72","72.79"
"11-Jan-2024","72.02","+0.65","71.33","71.17","73.81","373,645","170,127.00","72.84","72.86"
"10-Jan-2024","71.37","-0.87","72.17","71.01","73.59","352,772","189,613.00","71.28","71.32"
"09-Jan-2024","72.24","+1.47","70.91","70.47","72.93","363,445","206,004.00","72.18","72.26"
"08-Jan-2024","70.77","-3.04","73.51","70.13","73.95","392,249","222,532.00","70.92","70.95"
"05-Jan-2024","73.81","+1.62","72.40","72.21","74.24","325,525","230,314.00","73.94","73.99"
"04-Jan-2024","72.19","-0.51","73.04","71.06","74.00","344,467","240,347.00","72.36","72.44"
"03-Jan-2024","72.70","+2.32","70.50","69.28","73.23","334,861","259,188.00","72.97","73.06"
"02-Jan-2024","70.38","-1.27","71.71","70.06","73.64","330,992","277,544.00","70.48","70.50"
"29-Dec-2023","71.65","-0.12","71.99","71.25","72.62","214,486","279,800.00","71.30","71.35"
"28-Dec-2023","71.77","-2.34","73.80","71.72","74.40","262,748","283,884.00","71.99","72.06"
"27-Dec-2023","74.11","-1.46","75.32","73.77","75.66","253,323","279,662.00","73.79","73.84"
"26-Dec-2023","75.57","+2.01","73.56","73.13","76.18","208,715","280,667.00","75.39","75.46"
"22-Dec-2023","73.56","-0.33","73.91","73.39","74.98","222,600","288,837.00","73.47","73.53"
"21-Dec-2023","73.89","-0.33","73.81","72.44","74.58","251,982","294,109.00","73.91","73.98"
"20-Dec-2023","74.22","+0.78","74.06","73.60","75.37","273,364","296,731.00","73.76","73.83"
"19-Dec-2023","73.44","+0.97","72.48","71.85","74.01","25,689","5,600.00","",""
"18-Dec-2023","72.47","+1.04","71.68","70.64","74.26","73,941","20,301.00","72.40","74.68"
"15-Dec-2023","71.43","-0.15","71.61","70.30","72.22","95,513","51,630.00","71.20","71.99"
"14-Dec-2023","71.58","+2.11","69.85","69.54","72.46","275,688","78,803.00","71.60","71.68"
"13-Dec-2023","69.47","+0.86","68.73","67.71","69.89","306,996","136,005.00","69.84","69.90"
"12-Dec-2023","68.61","-2.71","71.43","68.22","71.96","324,530","175,323.00","68.72","68.78"
"11-Dec-2023","71.32","+0.09","71.15","70.35","71.81","274,414","210,277.00","71.36","71.44"
"08-Dec-2023","71.23","+1.89","69.76","69.50","71.63","302,250","233,343.00","71.24","71.31"
"07-Dec-2023","69.34","-0.04","69.28","68.80","70.48","339,000","263,076.00","69.61","69.68"
"06-Dec-2023","69.38","-2.94","72.10","69.11","72.60","436,803","298,942.00","69.21","69.26"
"05-Dec-2023","72.32","-0.72","73.30","72.02","74.12","358,703","301,237.00","72.04","72.10"
"04-Dec-2023","73.04","-1.03","74.58","72.63","75.03","388,832","318,986.00","73.28","73.30"
"01-Dec-2023","74.07","-1.89","75.59","73.93","76.76","358,976","333,756.00","74.36","74.41"
"30-Nov-2023","75.96","-1.90","77.75","75.05","79.60","559,169","351,226.00","75.53","75.73"
"29-Nov-2023","77.86","+1.45","76.56","75.67","78.09","322,170","331,214.00","77.67","77.83"
"28-Nov-2023","76.41","+1.55","75.07","74.64","77.02","286,618","331,117.00","76.54","76.60"
"27-Nov-2023","74.86","-0.68","75.31","74.06","76.23","289,562","337,496.00","74.98","75.05"
"24-Nov-2023","75.54","-1.56","76.79","75.07","77.09","281,147","340,215.00","75.14","75.22"
"22-Nov-2023","77.10","-0.67","77.77","73.79","77.97","389,325","343,803.00","76.77","76.86"
"21-Nov-2023","77.77","+0.17","77.65","76.92","77.92","238,629","339,270.00","77.78","77.84"
"20-Nov-2023","77.60","+1.71","75.65","75.65","78.22","27,253","6,824.00","",""
"17-Nov-2023","75.89","+2.99","72.97","72.75","75.99","101,484","19,048.00","71.50","75.90"
"16-Nov-2023","72.90","-3.76","76.60","72.16","76.63","125,165","64,965.00","72.77","72.97"
"15-Nov-2023","76.66","-1.60","78.17","76.31","78.77","282,301","96,133.00","76.53","76.60"
"14-Nov-2023","78.26","0.00","78.53","77.79","79.77","263,002","145,866.00","78.18","78.25"
"13-Nov-2023","78.26","+1.09","77.15","76.21","78.64","262,903","171,442.00","78.49","78.56"
"10-Nov-2023","77.17","+1.43","75.59","75.31","77.73","266,998","205,339.00","77.33","77.40"
"09-Nov-2023","75.74","+0.41","75.65","75.21","77.16","303,430","232,157.00","75.54","75.62"
"08-Nov-2023","75.33","-2.04","77.12","74.91","77.53","429,647","250,375.00","75.54","75.62"
"07-Nov-2023","77.37","-3.45","80.93","77.09","81.05","396,289","271,351.00","77.08","77.15"
"06-Nov-2023","80.82","+0.31","81.13","80.66","82.24","271,131","283,369.00","80.88","80.92"
"03-Nov-2023","80.51","-1.95","82.58","80.10","83.60","457,281","300,777.00","80.81","80.90"
"02-Nov-2023","82.46","+2.02","80.82","80.22","82.83","307,122","299,912.00","82.44","82.52"
"01-Nov-2023","80.44","-0.58","81.48","80.30","83.42","321,592","310,930.00","80.84","80.94"
"31-Oct-2023","81.02","-1.29","82.59","80.74","83.37","346,007","318,512.00","81.29","81.38"
"30-Oct-2023","82.31","-3.23","85.00","81.82","85.30","356,928","324,343.00","82.42","82.61"
"27-Oct-2023","85.54","+2.33","83.53","83.10","85.90","333,760","317,186.00","84.95","85.23"
"26-Oct-2023","83.21","-2.18","85.37","82.56","85.59","341,792","314,183.00","83.40","83.73"
"25-Oct-2023","85.39","+1.65","83.69","82.08","85.56","429,459","307,737.00","85.15","85.50"
"24-Oct-2023","83.74","-1.75","86.15","82.94","86.30","370,591","314,893.00","83.62","83.69"
"23-Oct-2023","85.49","-3.26","88.00","85.35","88.29","315,517","314,619.00","86.07","86.13"
"20-Oct-2023","88.75","-0.62","90.28","88.33","90.78","27,308","8,575.00","",""
"19-Oct-2023","89.37","+1.05","88.24","86.60","90.68","72,058","21,207.00","88.80","90.88"
"18-Oct-2023","88.32","+1.66","87.81","87.20","89.88","92,797","49,398.00","87.50","88.20"
"17-Oct-2023","86.66","0.00","87.06","85.60","87.75","197,124","76,917.00","87.58","87.80"
"16-Oct-2023","86.66","-1.03","87.72","86.32","88.33","235,780","110,151.00","86.95","87.10"
"13-Oct-2023","87.69","+4.78","83.51","83.35","87.83","356,863","130,624.00","87.40","87.75"
"12-Oct-2023","82.91","-0.58","83.20","82.31","85.20","373,492","155,176.00","83.47","83.54"
"11-Oct-2023","83.49","-2.48","85.96","83.11","86.51","425,395","183,136.00","83.24","83.29"
"10-Oct-2023","85.97","-0.41","86.43","85.12","86.74","337,654","194,140.00","85.92","85.98"
"09-Oct-2023","86.38","+3.59","85.25","84.67","87.24","435,037","209,258.00","86.35","86.38"
"06-Oct-2023","82.79","+0.48","82.28","81.50","83.28","461,139","240,655.00","82.77","82.82"
"05-Oct-2023","82.31","-1.91","84.45","82.15","84.92","465,997","280,123.00","82.52","82.58"
"04-Oct-2023","84.22","-5.01","89.42","84.16","89.59","459,995","291,668.00","84.41","84.46"
"03-Oct-2023","89.23","+0.41","88.67","87.76","90.27","350,659","310,506.00","89.41","89.45"
"02-Oct-2023","88.82","-1.97","90.82","88.46","91.88","334,493","319,991.00","88.60","88.65"
"29-Sep-2023","90.79","-0.92","91.76","90.35","93.10","355,782","329,101.00","90.75","90.78"
"28-Sep-2023","91.71","-1.97","93.78","91.39","95.03","406,709","332,250.00","91.76","91.81"
"27-Sep-2023","93.68","+3.29","90.53","90.40","94.17","504,630","347,034.00","93.71","93.73"
"26-Sep-2023","90.39","+0.71","89.88","88.19","90.74","318,016","351,482.00","90.54","90.57"
"25-Sep-2023","89.68","-0.35","90.55","89.03","90.83","328,369","350,025.00","89.85","89.92"
"22-Sep-2023","90.03","+0.40","89.62","89.31","91.33","402,087","364,188.00","90.31","90.35"
"21-Sep-2023","89.63","-0.65","89.30","88.37","90.98","351,032","358,353.00","89.55","89.60"
"20-Sep-2023","90.28","-0.92","91.55","89.87","91.98","35,994","5,042.00","",""
"19-Sep-2023","91.20","-0.28","92.22","91.07","93.74","94,597","23,385.00","91.13","106.84"
"18-Sep-2023","91.48","+0.71","91.20","90.75","92.43","119,258","61,991.00","92.00","92.50"
"15-Sep-2023","90.77","+0.61","90.67","89.22","91.23","315,003","86,359.00","91.20","91.24"
"14-Sep-2023","90.16","+1.64","88.81","88.68","90.79","325,270","139,744.00","90.68","90.71"
"13-Sep-2023","88.52","-0.32","88.75","88.29","89.64","345,972","179,005.00","88.82","88.89"
"12-Sep-2023","88.84","+1.55","87.27","87.22","89.37","341,137","223,970.00","88.75","88.80"
"11-Sep-2023","87.29","-0.22","87.40","86.71","88.15","292,388","242,652.00","87.29","87.34"
"08-Sep-2023","87.51","+0.64","86.78","86.15","87.95","294,437","269,789.00","87.21","87.25"
"07-Sep-2023","86.87","-0.67","87.54","86.39","87.74","270,736","283,994.00","86.73","86.78"
"06-Sep-2023","87.54","+0.85","86.72","85.93","88.08","307,115","287,903.00","87.55","87.62"
"05-Sep-2023","86.69","+1.14","86.06","85.02","88.07","452,908","291,345.00","86.69","86.75"
"01-Sep-2023","85.55","+1.92","83.63","83.46","86.06","420,461","299,793.00","86.02","86.06"
"31-Aug-2023","83.63","+2.00","81.70","81.48","83.69","368,848","308,578.00","83.56","83.62"
"30-Aug-2023","81.63","+0.47","81.29","80.88","82.05","299,418","312,679.00","81.68","81.75"
"29-Aug-2023","81.16","+1.06","79.98","79.34","81.41","284,168","320,989.00","81.29","81.35"
"28-Aug-2023","80.10","+0.27","80.15","79.61","80.87","246,584","322,374.00","79.96","80.01"
"25-Aug-2023","79.83","+0.78","78.88","78.14","80.45","411,409","327,930.00","79.98","80.08"
"24-Aug-2023","79.05","+0.16","78.57","77.59","79.28","349,230","320,974.00","78.84","78.90"
"23-Aug-2023","78.89","-1.46","79.64","77.62","79.91","378,146","330,810.00","78.52","78.57"
"22-Aug-2023","80.35","-0.37","80.80","80.10","80.99","21,689","2,979.00","",""
"21-Aug-2023","80.72","-0.53","81.43","80.61","82.47","115,874","17,382.00","80.70","82.40"
"18-Aug-2023","81.25","+0.86","80.04","79.59","81.61","128,090","64,871.00","81.17","81.73"
"17-Aug-2023","80.39","+1.01","79.25","78.95","81.08","235,581","89,298.00","80.04","80.13"
"16-Aug-2023","79.38","-1.61","81.23","79.05","81.43","325,403","133,540.00","79.24","79.31"
"15-Aug-2023","80.99","-1.52","82.52","80.40","82.91","303,207","168,554.00","81.02","81.10"
"14-Aug-2023","82.51","-0.68","83.09","81.76","83.20","277,352","198,944.00","82.44","82.51"
"11-Aug-2023","83.19","+0.37","82.83","82.23","83.81","331,254","209,175.00","83.03","83.10"
"10-Aug-2023","82.82","-1.58","84.25","82.58","84.89","362,188","225,789.00","82.83","82.91"
"09-Aug-2023","84.40","+1.48","82.88","82.67","84.65","478,140","241,028.00","84.19","84.25"
"08-Aug-2023","82.92","+0.98","82.53","79.90","83.08","424,545","267,922.00","82.81","82.86"
"07-Aug-2023","81.94","-0.88","82.82","81.52","83.30","293,036","291,477.00","82.46","82.51"
"04-Aug-2023","82.82","+1.27","81.73","81.51","83.24","320,873","318,579.00","82.64","82.69"
"03-Aug-2023","81.55","+2.06","79.77","78.69","81.86","402,641","331,246.00","81.70","81.75"
"02-Aug-2023","79.49","-1.88","82.05","79.05","82.43","414,825","335,332.00","79.70","79.77"
"01-Aug-2023","81.37","-0.43","81.73","80.59","82.22","307,859","345,150.00","82.14","82.20"
"31-Jul-2023","81.80","+1.22","80.65","80.13","82.00","297,270","348,689.00","81.73","81.80"
"28-Jul-2023","80.58","+0.49","79.84","79.07","80.71","299,547","349,307.00","80.66","80.72"
"27-Jul-2023","80.09","+1.31","78.90","78.87","80.60","374,358","349,638.00","79.80","79.86"
"26-Jul-2023","78.78","-0.85","79.34","78.55","79.77","322,031","359,575.00","78.90","78.95"
"25-Jul-2023","79.63","+0.89","78.85","78.29","79.90","349,600","370,809.00","79.30","79.37"
"24-Jul-2023","78.74","+1.67","77.01","76.44","79.28","368,285","369,027.00","78.88","78.95"
"21-Jul-2023","77.07","+1.44","75.70","75.69","77.29","308,106","375,029.00","76.78","76.85"
"20-Jul-2023","75.63","+0.28","75.35","74.72","76.15","23,713","4,586.00","",""
"19-Jul-2023","75.35","-0.40","75.84","75.07","76.97","92,920","18,399.00","75.00","75.60"
"18-Jul-2023","75.75","+1.60","74.18","73.88","75.96","125,092","55,995.00","75.35","75.88"
"17-Jul-2023","74.15","-1.27","75.02","73.84","76.09","244,785","93,558.00","74.07","74.16"
"14-Jul-2023","75.42","-1.47","77.16","75.11","77.30","299,576","138,498.00","75.23","75.31"
"13-Jul-2023","76.89","+1.14","75.85","75.32","77.33","379,728","175,909.00","77.17","77.25"
"12-Jul-2023","75.75","+0.92","74.83","74.67","76.15","352,887","218,724.00","75.84","75.89"
"11-Jul-2023","74.83","+1.84","73.19","72.98","74.96","326,883","247,033.00","74.78","74.85"
"10-Jul-2023","72.99","-0.87","73.86","72.67","74.15","301,014","262,839.00","73.18","73.24"
"07-Jul-2023","73.86","+2.06","71.89","71.19","73.92","362,632","284,207.00","73.66","73.74"
"06-Jul-2023","71.80","+0.01","71.80","70.22","72.34","395,381","304,951.00","71.87","71.94"
"05-Jul-2023","71.79","+2.00","70.15","69.90","72.17","456,809","313,288.00","71.81","71.86"
"03-Jul-2023","69.79","-0.85","70.45","69.69","71.77","303,479","314,808.00","70.10","70.15"
"30-Jun-2023","70.64","+0.78","69.82","69.53","71.04","299,873","325,984.00","70.39","70.49"
"29-Jun-2023","69.86","+0.30","69.25","68.93","70.60","292,865","335,154.00","69.75","69.82"
"28-Jun-2023","69.56","+1.86","68.01","67.05","69.73","368,295","344,998.00","69.13","69.21"
"27-Jun-2023","67.70","-1.67","69.49","67.50","70.15","384,752","367,612.00","67.97","68.04"
"26-Jun-2023","69.37","+0.21","69.84","68.71","70.11","280,116","373,330.00","69.49","69.56"
"23-Jun-2023","69.16","-0.35","69.53","67.35","69.65","322,475","378,613.00","69.36","69.56"
"22-Jun-2023","69.51","-3.02","72.43","68.93","72.65","421,348","381,977.00","69.49","69.56"
"21-Jun-2023","72.53","+2.03","70.90","70.80","72.72","264,656","367,290.00","72.33","72.37"
"20-Jun-2023","70.50","-1.28","71.45","69.65","72.09","28,744","5,125.00","",""
"16-Jun-2023","71.78","+1.16","70.55","69.95","71.89","99,185","26,360.00","70.24","71.63"
"15-Jun-2023","70.62","+2.35","68.70","67.97","70.96","115,613","71,029.00","70.54","70.61"
"14-Jun-2023","68.27","-1.15","69.35","68.07","70.49","304,449","99,430.00","68.66","68.72"
"13-Jun-2023","69.42","+2.30","67.31","67.15","69.83","366,354","152,663.00","69.26","69.32"
"12-Jun-2023","67.12","-3.05","70.27","66.80","70.33","404,769","202,561.00","67.31","67.36"
"09-Jun-2023","70.17","-1.12","70.94","70.10","71.77","300,724","236,361.00","70.30","70.34"
"08-Jun-2023","71.29","-1.24","72.47","69.03","73.28","485,396","266,825.00","70.90","70.96"
"07-Jun-2023","72.53","+0.79","71.56","71.01","73.19","299,127","298,823.00","72.43","72.49"
"06-Jun-2023","71.74","-0.41","71.99","70.13","72.33","314,962","319,586.00","71.41","71.44"
"05-Jun-2023","72.15","+0.41","75.03","71.73","75.06","383,943","334,856.00","71.90","71.94"
"02-Jun-2023","71.74","+1.64","70.21","70.00","72.17","322,596","350,582.00","71.74","71.96"
"01-Jun-2023","70.10","+2.01","67.60","67.51","71.07","395,393","369,197.00","70.14","70.19"
"31-May-2023","68.09","-1.37","69.62","67.03","69.69","444,787","378,664.00","67.55","67.60"
"30-May-2023","69.46","-3.21","73.23","69.02","73.55","440,862","380,541.00","69.50","69.56"
"26-May-2023","72.67","+0.84","71.89","71.49","73.05","261,498","374,776.00","72.86","72.92"
"25-May-2023","71.83","-2.51","74.21","70.98","74.37","422,637","386,168.00","71.77","71.82"
"24-May-2023","74.34","+1.43","73.77","73.13","74.73","386,611","378,754.00","74.18","74.23"
"23-May-2023","72.91","+0.92","72.10","71.71","73.79","317,586","381,861.00","73.74","73.80"
"22-May-2023","71.99","+0.44","71.70","70.55","72.36","18,679","7,171.00","",""
"19-May-2023","71.55","-0.31","71.94","71.03","73.40","69,949","20,121.00","71.51","72.00"
"18-May-2023","71.86","-0.97","72.75","71.42","72.87","80,864","59,570.00","71.86","72.00"
"17-May-2023","72.83","+1.97","70.60","70.04","73.26","273,708","83,600.00","72.63","72.67"
"16-May-2023","70.86","-0.25","71.32","70.45","71.79","232,328","138,469.00","70.51","70.57"
"15-May-2023","71.11","+1.07","70.04","69.41","71.69","259,013","168,116.00","71.29","71.34"
"12-May-2023","70.04","-0.83","71.42","69.93","71.78","275,435","195,781.00","70.04","70.11"
"11-May-2023","70.87","-1.69","72.77","70.63","73.50","365,892","216,553.00","71.41","71.46"
"10-May-2023","72.56","-1.15","73.58","71.80","73.89","351,506","234,328.00","72.76","72.81"
"09-May-2023","73.71","+0.55","72.84","71.34","73.78","317,493","258,790.00","73.50","73.56"
"08-May-2023","73.16","+1.82","71.35","71.04","73.69","290,076","279,508.00","72.77","72.82"
"05-May-2023","71.34","+2.78","68.70","68.48","71.81","330,585","295,580.00","71.33","71.38"
"04-May-2023","68.56","-0.04","68.16","63.64","69.84","412,495","305,506.00","68.58","68.63"
"03-May-2023","68.60","-3.06","71.56","67.95","71.79","490,523","314,850.00","68.10","68.16"
"02-May-2023","71.66","-4.00","75.76","71.42","76.11","417,820","337,362.00","71.52","71.58"
"01-May-2023","75.66","-1.12","76.66","74.53","76.69","215,017","336,158.00","75.71","75.78"
"28-Apr-2023","76.78","+2.02","74.91","73.93","76.92","328,399","336,734.00","76.59","76.69"
"27-Apr-2023","74.76","+0.46","74.38","74.03","75.28","345,880","345,185.00","74.79","74.86"
"26-Apr-2023","74.30","-2.77","77.08","74.05","77.93","497,778","349,364.00","74.31","74.39"
"25-Apr-2023","77.07","-1.69","78.74","76.50","79.07","361,646","347,422.00","77.12","77.13"
"24-Apr-2023","78.76","+0.89","77.97","76.72","79.18","306,720","367,142.00","78.64","78.69"
"21-Apr-2023","77.87","+0.58","77.13","76.72","78.39","291,114","388,044.00","77.91","77.99"
"20-Apr-2023","77.29","-1.87","78.87","76.97","78.89","24,987","6,663.00","",""
"19-Apr-2023","79.16","-1.70","80.92","78.46","81.18","78,310","19,564.00","78.75","81.79"
"18-Apr-2023","80.86","+0.03","81.00","79.87","81.48","96,290","56,199.00","80.77","81.00"
"17-Apr-2023","80.83","-1.69","82.48","80.47","82.71","217,048","89,412.00","80.92","80.99"
"14-Apr-2023","82.52","+0.36","82.40","81.76","83.12","275,129","124,768.00","82.65","82.71"
"13-Apr-2023","82.16","-1.10","83.22","82.11","83.44","261,230","150,482.00","82.39","82.44"
"12-Apr-2023","83.26","+1.73","81.44","81.28","83.53","356,133","185,766.00","83.23","83.30"
"11-Apr-2023","81.53","+1.79","79.88","79.37","81.59","309,683","212,825.00","81.44","81.50"
"10-Apr-2023","79.74","-0.96","80.50","79.61","81.22","264,906","236,614.00","79.87","79.95"
"06-Apr-2023","80.70","+0.09","80.37","79.65","80.96","259,515","258,152.00","80.42","80.51"
"05-Apr-2023","80.61","-0.10","81.01","79.72","81.24","254,974","269,238.00","80.30","80.38"
"04-Apr-2023","80.71","+0.29","80.44","79.61","81.81","343,570","279,583.00","80.99","81.08"
"03-Apr-2023","80.42","+4.75","80.10","79.00","81.69","547,126","297,076.00","80.39","80.46"
"31-Mar-2023","75.67","+1.30","74.37","73.77","75.72","304,361","303,668.00","75.66","75.71"
"30-Mar-2023","74.37","+1.40","72.98","72.61","74.63","269,743","299,334.00","74.33","74.40"
"29-Mar-2023","72.97","-0.23","73.61","72.76","74.37","312,669","298,763.00","72.78","72.83"
"28-Mar-2023","73.20","+0.39","72.86","72.19","73.93","328,472","307,733.00","73.55","73.61"
"27-Mar-2023","72.81","+3.55","69.42","69.13","73.10","353,598","320,685.00","72.87","72.92"
"24-Mar-2023","69.26","-0.70","69.51","66.82","70.38","380,852","342,475.00","69.14","69.28"
"23-Mar-2023","69.96","-0.94","69.95","69.14","71.67","335,241","353,760.00","69.44","69.51"
"22-Mar-2023","70.90","+1.57","69.48","68.89","71.31","337,639","365,024.00","69.86","70.03"
"21-Mar-2023","69.33","+1.69","67.62","66.77","69.60","26,346","1,307.00","",""
"20-Mar-2023","67.64","+0.90","66.62","64.12","67.70","76,873","17,608.00","65.50","67.75"
"17-Mar-2023","66.74","-1.61","68.26","65.17","69.64","152,255","50,109.00","65.95","66.62"
"16-Mar-2023","68.35","+0.74","68.22","65.71","69.38","327,120","74,970.00","67.72","68.40"
"15-Mar-2023","67.61","-3.72","71.56","65.65","72.56","555,164","108,729.00","68.14","68.60"
"14-Mar-2023","71.33","-3.47","74.70","70.78","74.90","432,858","139,933.00","71.42","71.53"
"13-Mar-2023","74.80","-1.88","76.60","72.30","77.47","457,423","156,926.00","74.45","74.75"
"10-Mar-2023","76.68","+0.96","75.65","74.77","77.11","371,834","181,391.00","76.61","76.69"
"09-Mar-2023","75.72","-0.94","76.50","75.43","78.06","349,960","199,571.00","75.58","75.64"
"08-Mar-2023","76.66","-0.92","77.32","76.11","77.73","335,930","220,438.00","76.45","76.50"
"07-Mar-2023","77.58","-2.88","80.50","77.06","80.94","398,241","236,419.00","77.17","77.24"
"06-Mar-2023","80.46","+0.78","79.92","78.32","80.63","292,351","257,905.00","80.47","80.53"
"03-Mar-2023","79.68","+1.52","77.89","75.83","79.90","374,201","269,476.00","79.84","79.89"
"02-Mar-2023","78.16","+0.47","77.74","77.23","78.59","260,331","280,111.00","77.84","77.91"
"01-Mar-2023","77.69","+0.64","76.85","76.12","77.85","342,121","287,267.00","77.70","77.75"
"28-Feb-2023","77.05","+1.37","75.76","75.55","77.83","300,093","291,871.00","76.83","76.86"
"27-Feb-2023","75.68","-0.64","76.42","74.99","76.82","266,091","301,061.00","75.72","75.77"
"24-Feb-2023","76.32","+0.93","75.60","74.09","76.63","329,254","306,438.00","76.44","76.50"
"23-Feb-2023","75.39","+1.44","73.92","73.83","75.99","333,838","318,115.00","75.62","75.67"
"22-Feb-2023","73.95","-2.21","76.11","73.80","76.55","332,018","334,263.00","73.84","73.89"
"21-Feb-2023","76.16","-0.18","76.53","75.69","77.51","35,478","2,643.00","",""
"17-Feb-2023","76.34","-2.15","78.07","75.06","78.25","93,267","29,064.00","76.03","76.65"
"16-Feb-2023","78.49","-0.10","78.54","77.92","79.54","117,600","60,083.00","78.01","78.11"
"15-Feb-2023","78.59","-0.47","78.83","77.25","79.15","264,486","79,668.00","78.48","78.54"
"14-Feb-2023","79.06","-1.08","79.06","77.46","79.61","299,938","114,997.00","78.81","78.89"
"13-Feb-2023","80.14","+0.42","79.94","78.45","80.62","301,299","144,293.00","79.12","79.19"
"10-Feb-2023","79.72","+1.66","77.68","77.47","80.33","356,062","171,732.00","79.73","79.80"
"09-Feb-2023","78.06","-0.41","78.45","76.52","78.84","324,156","192,605.00","77.63","77.70"
"08-Feb-2023","78.47","+1.33","77.49","77.08","78.57","353,468","217,566.00","78.46","78.52"
"07-Feb-2023","77.14","+3.03","74.57","74.35","77.60","408,279","244,901.00","77.55","77.61"
"06-Feb-2023","74.11","+0.72","73.23","72.25","74.51","380,028","277,660.00","74.42","74.48"
"03-Feb-2023","73.39","-2.49","75.92","73.10","78.00","413,414","277,726.00","73.20","73.25"
"02-Feb-2023","75.88","-0.53","76.79","74.97","77.24","339,755","284,991.00","75.93","76.00"
"01-Feb-2023","76.41","-2.46","79.06","76.05","79.73","360,859","286,583.00","76.65","76.72"
"31-Jan-2023","78.87","+0.97","77.91","76.55","79.25","312,734","295,205.00","79.02","79.07"
"30-Jan-2023","77.90","-1.78","80.04","77.66","80.49","327,426","295,241.00","77.77","77.82"
"27-Jan-2023","79.68","-1.33","81.22","79.04","82.48","367,588","299,802.00","79.33","79.45"
"26-Jan-2023","81.01","+0.86","80.48","79.92","82.14","291,060","303,450.00","81.09","81.15"
"25-Jan-2023","80.15","+0.02","80.26","79.45","81.23","297,234","305,670.00","80.40","80.50"
"24-Jan-2023","80.13","-1.49","81.62","79.66","82.22","288,207","312,430.00","80.21","80.30"
"23-Jan-2023","81.62","+0.31","81.79","81.05","82.64","297,076","319,762.00","81.58","81.65"
"20-Jan-2023","81.31","+0.98","80.60","79.69","81.64","21,106","1,333.00","",""
"19-Jan-2023","80.33","+0.85","79.14","78.13","81.18","58,863","10,465.00","80.29","81.36"
"18-Jan-2023","79.48","-0.70","80.97","78.94","82.38","92,549","40,818.00","79.13","79.17"
"17-Jan-2023","80.18","+0.32","80.10","78.53","81.23","312,275","61,590.00","81.01","81.09"
"13-Jan-2023","79.86","+1.47","78.32","77.97","80.11","283,539","102,664.00","80.01","80.12"
"12-Jan-2023","78.39","+0.98","77.70","77.10","79.16","307,705","130,216.00","78.22","78.30"
"11-Jan-2023","77.41","+2.29","74.78","74.31","77.84","350,891","151,256.00","77.71","77.77"
"10-Jan-2023","75.12","+0.49","74.86","73.84","75.92","307,430","174,385.00","74.67","74.74"
"09-Jan-2023","74.63","+0.86","73.47","73.47","76.74","329,290","194,567.00","74.83","74.92"
"06-Jan-2023","73.77","+0.10","73.97","73.24","75.47","258,128","209,910.00","73.65","73.74"
"05-Jan-2023","73.67","+0.83","73.25","72.46","74.92","300,731","221,591.00","73.89","73.97"
"04-Jan-2023","72.84","-4.09","77.25","72.73","77.42","352,434","236,761.00","73.15","73.24"
"03-Jan-2023","76.93","-3.33","80.57","76.60","81.50","338,520","238,487.00","77.18","77.28"
"30-Dec-2022","80.26","+1.86","78.73","77.71","80.67","205,909","245,852.00","80.40","80.57"
"29-Dec-2022","78.40","-0.56","78.82","76.79","78.82","199,858","250,927.00","78.65","78.76"
"28-Dec-2022","78.96","-0.57","79.89","77.30","79.92","207,717","247,561.00","78.76","78.95"
"27-Dec-2022","79.53","-0.03","79.90","79.16","81.18","199,601","248,064.00","79.78","79.92"
"23-Dec-2022","79.56","+2.07","78.18","77.98","80.33","237,711","248,177.00","79.34","79.36"
"22-Dec-2022","77.49","-0.80","78.43","77.03","79.90","219,142","244,959.00","78.17","78.29"
"21-Dec-2022","78.29","+2.20","75.99","75.80","78.61","234,624","250,152.00","78.38","78.47"
"20-Dec-2022","76.09","+0.90","75.70","74.31","76.75","23,499","1,601.00","",""
"19-Dec-2022","75.19","+0.90","74.50","73.81","76.41","69,348","16,701.00","73.00","76.00"
"16-Dec-2022","74.29","-1.82","76.37","73.33","76.57","99,205","46,393.00","73.81","74.85"
"15-Dec-2022","76.11","-1.17","77.37","75.33","77.77","224,663","63,199.00","76.27","76.43"
"14-Dec-2022","77.28","+1.89","75.27","74.90","77.75","292,488","104,176.00","77.35","77.48"
"13-Dec-2022","75.39","+2.22","73.29","73.21","76.37","352,858","133,311.00","75.15","75.35"
"12-Dec-2022","73.17","+2.15","71.79","70.25","73.99","323,553","173,107.00","73.21","73.39"
"09-Dec-2022","71.02","-0.44","71.85","70.08","72.92","356,722","200,925.00","71.42","71.65"
"08-Dec-2022","71.46","-0.55","72.38","71.12","75.44","474,459","223,396.00","71.74","71.85"
"07-Dec-2022","72.01","-2.24","74.55","71.75","75.38","392,236","239,179.00","72.35","72.46"
"06-Dec-2022","74.25","-2.68","77.35","73.41","77.88","380,598","256,212.00","74.41","74.53"
"05-Dec-2022","76.93","-3.05","79.99","76.77","82.72","346,657","262,445.00","77.28","77.41"
"02-Dec-2022","79.98","-1.24","81.47","79.65","82.22","280,235","258,794.00","80.25","80.35"
"01-Dec-2022","81.22","+0.67","80.40","79.93","83.34","321,432","265,246.00","81.37","81.47"
"30-Nov-2022","80.55","+2.35","79.00","78.40","81.38","287,534","275,922.00","80.44","80.53"
"29-Nov-2022","78.20","+0.96","76.54","76.29","79.65","381,869","274,460.00","78.86","78.96"
"28-Nov-2022","77.24","+0.96","75.93","73.60","77.84","405,033","281,361.00","76.49","76.58"
"25-Nov-2022","76.28","-1.66","77.51","76.22","79.90","266,451","298,987.00","76.50","76.59"
"23-Nov-2022","77.94","-3.01","81.08","76.83","81.95","379,145","302,266.00","77.40","77.47"
"22-Nov-2022","80.95","+1.22","80.22","79.85","82.36","269,615","297,850.00","81.09","81.18"
"21-Nov-2022","79.73","-0.35","80.30","75.08","80.30","21,980","2,829.00","",""
"18-Nov-2022","80.08","-1.56","82.09","77.24","82.64","96,583","15,738.00","76.30","80.30"
"17-Nov-2022","81.64","-3.95","85.22","81.40","85.45","138,476","39,875.00","81.70","82.29"
"16-Nov-2022","85.59","-1.33","86.89","84.20","87.51","225,668","72,238.00","85.21","85.39"
"15-Nov-2022","86.92","+1.05","85.25","84.06","88.68","331,709","132,443.00","86.56","87.17"
"14-Nov-2022","85.87","-3.09","89.02","85.15","89.84","315,450","161,763.00","85.13","85.29"
"11-Nov-2022","88.96","+2.49","86.27","86.18","90.10","301,664","178,089.00","88.78","88.98"
"10-Nov-2022","86.47","+0.64","85.85","84.70","87.35","340,007","193,688.00","86.14","86.28"
"09-Nov-2022","85.83","-3.08","88.57","85.50","89.24","388,301","211,651.00","85.57","85.70"
"08-Nov-2022","88.91","-2.88","91.87","88.52","92.17","344,223","235,956.00","88.63","88.78"
"07-Nov-2022","91.79","-0.82","91.00","90.40","93.74","322,419","259,985.00","91.82","91.94"
"04-Nov-2022","92.61","+4.44","87.90","87.82","92.87","354,060","283,037.00","92.57","92.61"
"03-Nov-2022","88.17","-1.83","89.35","87.60","89.67","239,816","289,272.00","87.90","88.00"
"02-Nov-2022","90.00","+1.63","88.62","87.72","90.36","280,961","300,426.00","89.28","89.38"
"01-Nov-2022","88.37","+1.84","86.43","85.92","89.45","274,321","300,576.00","88.49","88.63"
"31-Oct-2022","86.53","-1.37","88.39","85.30","88.65","285,342","297,784.00","86.17","86.27"
"28-Oct-2022","87.90","-1.18","88.67","87.08","88.76","263,404","302,557.00","88.31","88.40"
"27-Oct-2022","89.08","+1.17","88.26","87.33","89.79","292,556","311,618.00","88.51","88.65"
"26-Oct-2022","87.91","+2.59","85.07","84.14","88.41","287,182","313,809.00","88.26","88.33"
"25-Oct-2022","85.32","+0.74","84.88","83.06","86.03","240,441","312,726.00","84.88","85.00"
"24-Oct-2022","84.58","-0.47","85.24","82.63","85.92","250,726","311,792.00","84.84","84.93"
"21-Oct-2022","85.05","-0.93","85.07","83.15","85.90","272,803","312,600.00","85.06","85.19"
"20-Oct-2022","85.98","+0.43","85.94","85.22","88.17","18,179","4,303.00","",""
"19-Oct-2022","85.55","+2.73","83.69","82.59","86.20","71,309","15,630.00","84.07","86.20"
"18-Oct-2022","82.82","-2.64","85.70","82.09","86.51","97,304","31,587.00","83.40","83.70"
"17-Oct-2022","85.46","-0.15","85.59","84.61","87.12","172,020","51,122.00","85.55","85.68"
"14-Oct-2022","85.61","-3.50","89.27","85.20","89.73","237,026","79,687.00","85.55","85.63"
"13-Oct-2022","89.11","+1.84","87.08","85.56","89.66","298,032","98,028.00","89.18","89.27"
"12-Oct-2022","87.27","-2.08","88.67","86.28","90.07","332,271","119,300.00","87.04","87.15"
"11-Oct-2022","89.35","-1.78","91.14","87.91","91.35","333,158","153,454.00","88.52","88.66"
"10-Oct-2022","91.13","-1.51","93.48","90.54","93.64","289,508","169,108.00","90.80","90.87"
"07-Oct-2022","92.64","+4.19","88.93","88.00","93.31","429,162","187,667.00","93.20","93.31"
"06-Oct-2022","88.45","+0.69","88.08","87.04","89.07","235,296","208,192.00","88.90","89.04"
"05-Oct-2022","87.76","+1.24","86.37","85.42","88.42","329,790","212,728.00","88.03","88.11"
"04-Oct-2022","86.52","+2.89","83.22","83.22","86.98","302,549","217,205.00","86.22","86.39"
"03-Oct-2022","83.63","+4.14","81.02","80.87","84.56","287,168","226,875.00","83.28","83.38"
"30-Sep-2022","79.49","-1.74","81.74","79.14","82.56","253,154","234,210.00","79.64","79.77"
"29-Sep-2022","81.23","-0.92","81.90","80.34","82.94","286,126","234,742.00","81.55","81.67"
"28-Sep-2022","82.15","+3.65","78.08","76.55","82.34","324,678","244,046.00","81.83","81.95"
"27-Sep-2022","78.50","+1.79","76.47","76.42","79.51","283,614","253,409.00","77.94","78.08"
"26-Sep-2022","76.71","-2.03","79.23","76.25","80.31","280,927","262,599.00","76.24","76.37"
"23-Sep-2022","78.74","-4.75","83.54","78.04","83.92","334,271","271,362.00","79.30","79.45"
"22-Sep-2022","83.49","+0.55","83.07","82.40","86.00","303,492","261,864.00","83.45","83.56"
"21-Sep-2022","82.94","-1.51","84.25","82.49","86.68","339,683","261,666.00","82.97","83.10"
"20-Sep-2022","84.45","-1.28","85.61","83.52","86.45","26,227","2,579.00","",""
"19-Sep-2022","85.73","+0.62","85.21","82.10","86.22","59,626","17,274.00","82.40","86.00"
"16-Sep-2022","85.11","+0.01","85.16","84.27","86.59","87,829","41,308.00","84.69","86.00"
"15-Sep-2022","85.10","-3.38","88.91","84.53","89.15","235,358","56,335.00","85.06","85.16"
"14-Sep-2022","88.48","+1.17","87.94","86.18","90.19","335,381","79,882.00","88.93","89.03"
"13-Sep-2022","87.31","-0.47","88.09","85.06","89.31","347,998","107,650.00","87.55","87.63"
"12-Sep-2022","87.78","+0.99","86.25","85.16","89.10","275,104","131,037.00","88.04","88.11"
"09-Sep-2022","86.79","+3.25","82.80","82.71","87.20","305,188","152,567.00","86.02","86.18"
"08-Sep-2022","83.54","+1.60","81.91","81.20","84.25","342,763","174,186.00","82.66","82.77"
"07-Sep-2022","81.94","-4.94","86.93","81.50","87.76","380,781","198,272.00","81.56","81.73"
"06-Sep-2022","86.88","+0.01","86.84","86.18","90.39","420,255","197,070.00","86.91","86.96"
"02-Sep-2022","86.87","+0.26","86.56","86.35","89.66","277,533","202,354.00","86.61","87.35"
"01-Sep-2022","86.61","-2.94","88.83","85.98","89.63","305,106","205,485.00","86.30","86.40"
"31-Aug-2022","89.55","-2.09","92.31","88.27","92.73","344,147","210,363.00","88.79","88.89"
"30-Aug-2022","91.64","-5.37","96.90","90.54","97.66","386,272","218,174.00","92.18","92.35"
"29-Aug-2022","97.01","+3.95","92.96","92.29","97.37","283,463","224,923.00","96.88","97.00"
"26-Aug-2022","93.06","+0.54","93.06","91.08","94.02","288,392","223,816.00","92.90","93.06"
"25-Aug-2022","92.52","-2.37","95.35","92.29","95.76","279,877","229,301.00","92.96","93.05"
"24-Aug-2022","94.89","+1.15","93.78","92.79","95.40","320,388","239,919.00","95.30","95.40"
"23-Aug-2022","93.74","+3.51","90.55","90.42","94.22","285,607","251,792.00","93.76","93.83"
"22-Aug-2022","90.23","-0.54","89.65","86.60","91.26","24,874","2,768.00","",""
"19-Aug-2022","90.77","+0.27","90.39","88.38","92.09","58,714","22,652.00","89.57","92.09"
"18-Aug-2022","90.50","+2.39","87.39","87.32","91.46","80,029","45,029.00","90.00","91.00"
"17-Aug-2022","88.11","+1.58","87.10","85.88","89.16","230,346","60,685.00","87.23","87.37"
"16-Aug-2022","86.53","-2.88","87.93","85.73","90.65","305,366","99,395.00","87.05","87.25"
"15-Aug-2022","89.41","-2.68","91.94","86.82","92.10","275,443","126,613.00","87.81","87.93"
"12-Aug-2022","92.09","-2.25","94.09","91.16","94.81","264,953","144,879.00","91.79","91.96"
"11-Aug-2022","94.34","+2.41","91.55","91.24","95.05","341,234","159,333.00","93.93","94.05"
"10-Aug-2022","91.93","+1.43","90.51","87.66","92.43","383,766","174,208.00","91.52","91.61"
"09-Aug-2022","90.50","-0.26","90.69","89.05","92.65","347,045","197,087.00","90.44","90.59"
"08-Aug-2022","90.76","+1.75","88.46","87.22","90.89","340,157","220,110.00","90.43","90.57"
"05-Aug-2022","89.01","+0.47","88.06","87.01","90.76","350,016","246,530.00","88.42","88.59"
"04-Aug-2022","88.54","-2.12","90.95","87.55","91.90","334,931","272,590.00","87.73","87.87"
"03-Aug-2022","90.66","-3.76","93.83","90.38","96.57","395,099","274,142.00","90.86","91.00"
"02-Aug-2022","94.42","+0.53","93.75","92.59","96.47","328,538","275,707.00","93.65","93.91"
"01-Aug-2022","93.89","-4.73","98.46","92.42","98.65","365,293","278,274.00","94.01","94.10"
"29-Jul-2022","98.62","+2.20","97.30","96.41","101.88","349,374","282,371.00","98.22","98.37"
"28-Jul-2022","96.42","-0.84","98.17","96.04","99.84","318,403","284,807.00","97.24","97.37"
"27-Jul-2022","97.26","+2.28","95.60","94.30","98.59","321,903","289,001.00","98.05","98.18"
"26-Jul-2022","94.98","-1.72","96.33","94.76","99.00","310,043","292,215.00","95.41","95.60"
"25-Jul-2022","96.70","+2.00","95.10","93.01","96.94","278,998","297,921.00","96.39","96.53"
"22-Jul-2022","94.70","-1.65","96.51","94.23","97.95","307,568","297,812.00","95.01","95.20"
"21-Jul-2022","96.35","-5.91","99.91","94.59","99.99","318,911","296,398.00","96.51","96.60"
"20-Jul-2022","102.26","-1.96","103.60","101.51","104.39","28,959","1,244.00","",""
"19-Jul-2022","104.22","+1.62","102.00","99.85","104.46","63,149","20,971.00","99.24","104.90"
"18-Jul-2022","102.60","+5.01","97.27","95.85","102.80","84,669","48,888.00","101.80","102.50"
"15-Jul-2022","97.59","+1.81","96.39","94.57","99.03","240,766","65,121.00","97.23","97.65"
"14-Jul-2022","95.78","-0.52","96.57","90.56","97.00","387,528","95,170.00","96.42","96.53"
"13-Jul-2022","96.30","+0.46","95.89","93.67","97.96","347,193","117,445.00","96.31","96.48"
"12-Jul-2022","95.84","-8.25","103.46","95.35","103.49","398,552","133,493.00","95.53","95.69"
"11-Jul-2022","104.09","-0.70","104.79","100.89","105.05","348,566","153,525.00","103.37","103.55"
"08-Jul-2022","104.79","+2.06","102.22","101.51","105.24","327,461","168,249.00","104.70","104.88"
"07-Jul-2022","102.73","+4.20","98.22","96.57","104.48","379,861","176,554.00","102.11","102.24"
"06-Jul-2022","98.53","-0.97","100.36","95.10","102.14","444,106","193,777.00","98.03","98.22"
"05-Jul-2022","99.50","-8.93","108.80","97.43","111.45","594,215","202,874.00","99.49","99.62"
"01-Jul-2022","108.43","+2.67","106.01","104.56","109.34","305,338","200,486.00","108.33","108.54"
"30-Jun-2022","105.76","-4.02","109.70","105.10","110.45","362,890","207,143.00","105.94","106.08"
"29-Jun-2022","109.78","-1.98","111.86","109.22","114.05","322,060","221,383.00","109.63","109.70"
"28-Jun-2022","111.76","+2.19","110.18","109.62","112.22","306,748","231,260.00","111.70","111.93"
"27-Jun-2022","109.57","+1.95","107.22","105.60","110.54","282,914","230,691.00","109.77","109.90"
"24-Jun-2022","107.62","+3.35","103.99","103.64","108.58","321,591","231,130.00","107.06","107.20"
"23-Jun-2022","104.27","-1.92","104.42","102.32","107.05","346,362","235,483.00","103.94","104.09"
"22-Jun-2022","106.19","-4.46","109.54","101.53","109.76","432,724","241,608.00","104.30","104.40"
"21-Jun-2022","110.65","+1.09","110.58","108.72","112.47","28,455","2,578.00","",""
"17-Jun-2022","109.56","-8.03","117.08","108.25","118.97","103,149","23,244.00","108.01","111.97"
"16-Jun-2022","117.59","+2.28","115.98","112.31","118.08","162,543","53,697.00","116.98","117.16"
"15-Jun-2022","115.31","-3.62","119.07","114.60","119.61","301,750","76,585.00","115.74","115.88"
"14-Jun-2022","118.93","-2.00","121.09","116.62","123.68","366,320","109,802.00","118.85","119.07"
"13-Jun-2022","120.93","+0.26","120.19","117.47","122.25","372,403","147,597.00","120.94","121.07"
"10-Jun-2022","120.67","-0.84","121.46","118.33","122.75","352,906","160,714.00","120.44","120.69"
"09-Jun-2022","121.51","-0.60","122.43","120.79","122.72","293,295","188,296.00","121.36","121.46"
"08-Jun-2022","122.11","+2.70","119.79","119.30","123.18","340,591","220,204.00","122.35","122.47"
"07-Jun-2022","119.41","+0.91","119.10","117.14","120.36","341,694","239,602.00","119.68","119.83"
"06-Jun-2022","118.50","-0.37","120.82","117.63","120.99","246,825","266,387.00","119.36","119.47"
"03-Jun-2022","118.87","+2.00","117.55","115.23","120.46","240,831","276,211.00","120.22","120.35"
"02-Jun-2022","116.87","+1.61","114.80","111.20","117.77","327,600","280,459.00","117.48","117.61"
"01-Jun-2022","115.26","+0.59","115.40","114.58","117.87","290,530","288,077.00","114.72","114.93"
"31-May-2022","114.67","-0.40","114.96","114.15","119.98","440,796","288,764.00","115.23","115.37"
"27-May-2022","115.07","+0.98","114.20","112.85","115.30","217,281","291,734.00","114.98","115.10"
"26-May-2022","114.09","+3.76","110.69","110.27","114.83","234,752","292,035.00","114.21","114.35"
"25-May-2022","110.33","+0.56","110.39","109.23","111.68","191,370","282,748.00","110.67","110.79"
"24-May-2022","109.77","-0.52","110.41","108.61","111.43","224,794","283,274.00","110.20","110.26"
"23-May-2022","110.29","-2.94","110.56","109.15","111.96","215,623","289,000.00","110.53","110.70"
"20-May-2022","113.23","+1.02","111.45","110.85","114.04","19,999","1,731.00","",""
"19-May-2022","112.21","+2.62","109.09","105.13","112.62","68,511","13,777.00","105.00","116.00"
"18-May-2022","109.59","-2.81","113.66","108.46","115.42","103,669","39,820.00","108.57","111.50"
"17-May-2022","112.40","-1.80","113.87","111.75","115.56","252,630","59,956.00","112.80","113.74"
"16-May-2022","114.20","+3.71","110.98","108.11","114.90","289,127","111,900.00","113.37","114.11"
"13-May-2022","110.49","+4.36","106.65","106.29","110.64","240,989","124,028.00","109.99","110.42"
"12-May-2022","106.13","+0.42","105.63","102.66","107.37","323,547","134,011.00","106.30","106.95"
"11-May-2022","105.71","+5.95","99.00","98.20","106.44","382,701","158,098.00","105.42","105.63"
"10-May-2022","99.76","-3.33","102.65","98.86","104.16","389,750","176,383.00","99.17","99.53"
"09-May-2022","103.09","-6.68","110.43","102.13","110.49","368,183","193,332.00","102.23","102.44"
"06-May-2022","109.77","+1.51","108.70","107.24","111.18","294,278","214,692.00","110.01","110.79"
"05-May-2022","108.26","+0.45","107.58","106.45","111.37","286,916","255,911.00","108.54","108.74"
"04-May-2022","107.81","+5.40","103.50","102.95","108.61","272,909","240,833.00","107.37","107.69"
"03-May-2022","102.41","-2.76","105.08","102.10","105.80","239,266","249,463.00","103.27","103.55"
"02-May-2022","105.17","+0.48","104.00","100.28","105.94","261,878","259,319.00","104.90","105.18"
"29-Apr-2022","104.69","-0.67","105.17","103.78","107.99","294,386","268,864.00","104.00","104.60"
"28-Apr-2022","105.36","+3.34","102.11","100.13","105.68","312,064","282,501.00","105.00","105.22"
"27-Apr-2022","102.02","+0.32","101.76","99.80","102.99","278,781","283,995.00","101.89","102.19"
"26-Apr-2022","101.70","+3.16","98.64","97.06","102.78","351,850","285,584.00","101.40","101.96"
"25-Apr-2022","98.54","-3.53","101.38","95.28","101.55","328,153","289,134.00","98.30","98.68"
"22-Apr-2022","102.07","-1.72","104.07","101.06","104.22","246,116","295,195.00","101.05","101.83"
"21-Apr-2022","103.79","+1.04","102.50","102.01","105.42","280,321","299,396.00","103.80","104.19"
"20-Apr-2022","102.75","+0.19","103.05","100.70","104.16","17,016","435.00","",""
"19-Apr-2022","102.56","-5.65","107.75","102.10","108.92","71,792","11,139.00","101.80","104.50"
"18-Apr-2022","108.21","+1.26","107.03","106.00","109.81","68,489","33,580.00","107.30","108.05"
"14-Apr-2022","106.95","+2.70","104.20","102.12","107.64","244,952","58,170.00","106.00","106.75"
"13-Apr-2022","104.25","+3.65","100.91","99.87","104.47","312,502","86,951.00","103.98","104.34"
"12-Apr-2022","100.60","+6.31","95.17","94.84","101.35","329,037","122,233.00","100.30","101.03"
"11-Apr-2022","94.29","-3.97","98.40","92.93","98.52","315,873","151,844.00","95.10","95.25"
"08-Apr-2022","98.26","+2.23","97.17","95.29","98.76","310,082","185,129.00","97.70","98.25"
"07-Apr-2022","96.03","-0.20","97.16","93.81","98.82","367,318","216,425.00","96.92","97.27"
"06-Apr-2022","96.23","-5.73","101.24","95.73","104.02","366,036","243,299.00","96.80","97.37"
"05-Apr-2022","101.96","-1.32","103.66","99.88","105.59","280,283","244,662.00","100.67","101.49"
"04-Apr-2022","103.28","+4.01","98.95","98.05","103.94","288,131","255,000.00","103.55","103.86"
"01-Apr-2022","99.27","-1.01","101.23","97.78","101.75","324,777","261,793.00","98.74","99.70"
"31-Mar-2022","100.28","-7.54","107.45","99.66","107.80","450,845","270,278.00","101.03","101.33"
"30-Mar-2022","107.82","+3.58","105.24","104.55","108.75","284,544","267,229.00","107.15","107.68"
"29-Mar-2022","104.24","-1.72","103.47","98.44","107.84","387,200","268,993.00","105.00","105.39"
"28-Mar-2022","105.96","-7.94","112.92","102.83","112.93","372,251","274,556.00","103.35","103.60"
"25-Mar-2022","113.90","+1.56","111.75","108.68","114.12","320,304","282,016.00","112.31","112.92"
"24-Mar-2022","112.34","-2.59","114.47","110.61","116.64","307,238","287,075.00","110.90","111.51"
"23-Mar-2022","114.93","+3.17","108.85","108.38","115.40","289,182","292,211.00","114.10","114.49"
"22-Mar-2022","111.76","-0.36","112.90","109.30","115.01","22,936","2,859.00","",""
"21-Mar-2022","112.12","+7.42","105.13","104.08","112.69","77,217","19,223.00","111.00","113.00"
"18-Mar-2022","104.70","+1.72","103.62","102.30","106.28","74,247","44,428.00","104.50","105.70"
"17-Mar-2022","102.98","+7.94","95.34","94.85","104.24","210,763","57,882.00","103.38","103.86"
"16-Mar-2022","95.04","-1.40","95.23","94.07","99.22","293,947","97,283.00","94.50","95.85"
"15-Mar-2022","96.44","-6.57","102.28","93.53","102.58","401,690","119,614.00","94.71","95.20"
"14-Mar-2022","103.01","-6.32","109.42","99.76","109.72","344,184","141,240.00","101.69","102.50"
"11-Mar-2022","109.33","+3.31","105.99","104.48","110.29","368,194","167,353.00","108.50","109.60"
"10-Mar-2022","106.02","-2.68","110.41","105.53","114.88","437,924","185,673.00","105.57","105.85"
"09-Mar-2022","108.70","-15.00","124.66","103.63","126.84","594,773","188,134.00","109.20","110.59"
"08-Mar-2022","123.70","+4.30","120.67","117.07","129.44","583,106","206,294.00","124.23","124.92"
"07-Mar-2022","119.40","+3.72","121.33","115.54","130.50","576,022","224,940.00","120.26","120.50"
"04-Mar-2022","115.68","+8.01","107.96","107.25","116.02","493,875","253,937.00","114.69","115.06"
"03-Mar-2022","107.67","-2.93","111.33","106.43","116.57","592,031","262,283.00","108.00","108.70"
"02-Mar-2022","110.60","+7.19","107.12","105.18","112.51","651,853","278,048.00","111.14","111.50"
"01-Mar-2022","103.41","+7.69","96.09","95.32","106.78","698,814","294,694.00","106.00","106.60"
"28-Feb-2022","95.72","+4.13","94.99","94.43","99.10","490,796","318,210.00","95.42","96.00"
"25-Feb-2022","91.59","-1.22","93.32","90.06","95.64","523,793","333,039.00","91.85","92.02"
"24-Feb-2022","92.81","+0.71","92.52","91.45","100.54","872,244","342,089.00","92.95","93.11"
"23-Feb-2022","92.10","-0.25","91.74","90.64","93.90","440,574","347,059.00","92.23","92.33"
"22-Feb-2022","92.35","+1.28","91.75","90.35","96.00","40,745","2,639.00","",""
"18-Feb-2022","91.07","-0.69","91.63","89.03","92.66","150,382","28,300.00","90.35","92.35"
"17-Feb-2022","91.76","-1.90","90.90","90.62","93.36","212,552","73,639.00","91.37","91.77"
"16-Feb-2022","93.66","+1.59","92.21","90.00","95.01","401,453","103,461.00","90.57","90.68"
"15-Feb-2022","92.07","-3.39","94.83","90.66","95.17","442,641","155,289.00","92.06","92.20"
"14-Feb-2022","95.46","+2.36","93.91","92.09","95.82","467,071","187,695.00","94.75","94.83"
"11-Feb-2022","93.10","+3.22","90.00","89.19","94.66","554,423","223,594.00","93.72","94.18"
"10-Feb-2022","89.88","+0.22","90.01","89.03","91.74","492,091","246,972.00","90.01","90.09"
"09-Feb-2022","89.66","+0.30","89.86","88.41","90.58","445,618","269,301.00","89.98","90.04"
"08-Feb-2022","89.36","-1.96","91.64","88.51","91.68","467,386","298,977.00","89.73","89.82"
"07-Feb-2022","91.32","-0.99","91.82","90.73","92.73","497,754","315,035.00","91.57","91.66"
"04-Feb-2022","92.31","+2.04","90.19","90.07","93.17","410,926","334,053.00","91.87","92.02"
"03-Feb-2022","90.27","+2.01","87.98","86.75","90.45","465,771","355,345.00","90.15","90.23"
"02-Feb-2022","88.26","+0.06","88.35","87.10","89.72","456,863","361,567.00","87.97","88.05"
"01-Feb-2022","88.20","+0.05","88.15","86.55","88.87","376,841","372,661.00","88.25","88.47"
"31-Jan-2022","88.15","+1.33","87.45","86.34","88.39","359,080","396,246.00","88.12","88.18"
"28-Jan-2022","86.82","+0.21","87.50","86.44","88.84","436,172","417,134.00","87.26","87.34"
"27-Jan-2022","86.61","-0.74","87.15","86.20","88.54","427,804","429,948.00","87.24","87.33"
"26-Jan-2022","87.35","+1.75","85.26","85.01","87.95","459,642","437,122.00","87.15","87.23"
"25-Jan-2022","85.60","+2.29","84.15","82.99","85.71","507,219","439,545.00","85.14","85.20"
"24-Jan-2022","83.31","-1.83","84.91","81.90","86.09","511,695","434,000.00","84.04","84.12"
"21-Jan-2022","85.14","-1.76","84.57","82.78","85.56","509,103","439,024.00","84.75","84.87"
"20-Jan-2022","86.90","-0.06","86.23","86.00","87.82","30,385","2,191.00","",""
"19-Jan-2022","86.96","+1.53","86.61","85.77","87.91","113,153","21,534.00","86.00","87.55"
"18-Jan-2022","85.43","+1.61","84.32","83.50","86.63","163,643","69,245.00","86.31","89.90"
"14-Jan-2022","83.82","+1.70","81.73","81.58","84.45","364,442","106,926.00","84.26","84.36"
"13-Jan-2022","82.12","-0.52","82.82","81.39","82.94","364,769","130,928.00","81.65","81.71"
"12-Jan-2022","82.64","+1.42","81.38","81.17","83.10","420,619","161,242.00","82.76","82.79"
"11-Jan-2022","81.22","+2.99","78.42","78.36","81.59","481,815","184,401.00","81.30","81.36"
"10-Jan-2022","78.23","-0.67","78.88","77.83","79.45","389,956","208,765.00","78.41","78.46"
"07-Jan-2022","78.90","-0.56","79.62","78.52","80.47","414,434","238,961.00","78.90","79.01"
"06-Jan-2022","79.46","+1.61","77.24","76.73","80.24","476,665","257,571.00","79.63","79.69"
"05-Jan-2022","77.85","+0.86","77.18","76.51","78.58","397,898","262,999.00","77.15","77.23"
"04-Jan-2022","76.99","+0.91","76.02","75.70","77.64","372,848","269,201.00","77.15","77.22"
"03-Jan-2022","76.08","+0.87","75.69","74.27","76.46","317,628","273,713.00","75.97","76.03"
"31-Dec-2021","75.21","-1.78","76.66","74.95","77.08","237,118","278,572.00","75.37","75.47"
"30-Dec-2021","76.99","+0.43","76.58","75.78","77.44","231,163","285,131.00","76.43","76.50"
"29-Dec-2021","76.56","+0.58","76.04","75.36","77.37","283,557","292,361.00","76.56","76.62"
"28-Dec-2021","75.98","+0.41","75.97","75.53","76.92","249,728","289,951.00","75.98","76.06"
"27-Dec-2021","75.57","+1.78","73.38","72.57","76.09","268,490","288,697.00","75.93","75.98"
"23-Dec-2021","73.79","+1.03","73.03","72.27","73.95","270,223","287,984.00","73.69","73.78"
"22-Dec-2021","72.76","+1.64","71.27","70.80","73.16","306,709","297,118.00","72.99","73.06"
"21-Dec-2021","71.12","+2.89","69.21","68.56","71.55","358,779","307,464.00","71.27","71.35"
"20-Dec-2021","68.23","-2.63","70.07","66.04","70.07","36,727","2,795.00","",""
"17-Dec-2021","70.86","-1.52","71.92","69.89","72.26","78,125","22,402.00","70.07","71.20"
"16-Dec-2021","72.38","+1.51","71.48","71.03","72.99","142,541","57,679.00","71.85","72.16"
"15-Dec-2021","70.87","+0.14","70.35","69.39","71.66","294,337","76,613.00","71.45","71.49"
"14-Dec-2021","70.73","-0.56","71.12","69.51","72.03","359,454","107,862.00","70.23","70.31"
"13-Dec-2021","71.29","-0.38","72.04","70.71","73.00","406,604","130,405.00","71.09","71.17"
"10-Dec-2021","71.67","+0.73","70.68","70.32","72.33","397,883","163,631.00","71.94","72.02"
"09-Dec-2021","70.94","-1.42","72.52","70.39","73.34","393,205","194,785.00","70.56","70.64"
"08-Dec-2021","72.36","+0.31","71.86","70.91","73.00","464,846","219,672.00","72.62","72.68"
"07-Dec-2021","72.05","+2.56","69.72","69.52","73.03","496,528","250,236.00","71.69","71.78"
"06-Dec-2021","69.49","+3.23","67.02","66.72","70.15","401,060","291,799.00","70.00","70.05"
"03-Dec-2021","66.26","-0.24","67.50","65.60","69.22","449,974","301,105.00","66.22","66.32"
"02-Dec-2021","66.50","+0.93","65.63","62.43","67.49","668,293","311,807.00","67.30","67.50"
"01-Dec-2021","65.57","-0.61","67.01","64.84","69.49","602,447","319,191.00","65.45","65.88"
"30-Nov-2021","66.18","-3.77","70.04","64.43","71.22","722,475","356,410.00","66.88","67.00"
"29-Nov-2021","69.95","+1.80","69.23","68.86","72.93","675,090","351,124.00","70.01","70.08"
"26-Nov-2021","68.15","-10.24","78.34","67.40","78.65","844,630","374,123.00","68.00","68.29"
"24-Nov-2021","78.39","-0.11","78.48","77.98","79.23","328,848","370,982.00","78.30","78.37"
"23-Nov-2021","78.50","+1.75","76.46","75.30","78.86","506,987","379,241.00","78.49","78.55"
"22-Nov-2021","76.75","+0.65","75.75","74.76","77.16","465,768","384,851.00","76.45","76.51"
"19-Nov-2021","76.10","-2.91","78.76","75.37","79.92","30,700","4,086.00","",""
"18-Nov-2021","79.01","+0.65","78.34","77.08","79.36","83,984","18,103.00","76.76","79.95"
"17-Nov-2021","78.36","-2.40","80.54","77.69","80.69","174,471","56,333.00","77.69","78.72"
"16-Nov-2021","80.76","-0.12","80.93","80.03","81.81","325,668","91,215.00","80.58","80.66"
"15-Nov-2021","80.88","+0.09","80.66","79.30","81.20","343,484","145,828.00","80.92","80.97"
"12-Nov-2021","80.79","-0.80","81.21","79.78","81.62","390,304","168,458.00","80.65","80.71"
"11-Nov-2021","81.59","+0.25","81.41","80.20","82.33","475,436","189,902.00","81.16","81.21"
"10-Nov-2021","81.34","-2.81","84.53","80.81","84.97","555,215","208,865.00","81.25","81.31"
"09-Nov-2021","84.15","+2.22","82.16","81.78","84.63","504,832","252,071.00","84.53","84.59"
"08-Nov-2021","81.93","+0.66","81.13","81.05","82.67","393,953","273,545.00","82.19","82.24"
"05-Nov-2021","81.27","+2.46","79.37","78.96","81.80","531,054","297,245.00","81.15","81.21"
"04-Nov-2021","78.81","-2.05","80.18","78.25","83.42","701,119","323,592.00","79.31","79.37"
"03-Nov-2021","80.86","-3.05","83.07","79.69","83.08","546,577","331,155.00","80.01","80.16"
"02-Nov-2021","83.91","-0.14","83.87","82.92","84.41","429,608","343,003.00","82.94","83.00"
"01-Nov-2021","84.05","+0.48","83.36","82.74","84.88","412,309","358,147.00","83.82","83.87"
"29-Oct-2021","83.57","+0.76","83.09","81.41","83.74","507,309","378,537.00","83.20","83.25"
"28-Oct-2021","82.81","+0.15","82.25","80.58","83.21","491,585","392,529.00","83.03","83.08"
"27-Oct-2021","82.66","-1.99","84.39","82.01","84.51","529,952","393,620.00","82.03","82.07"
"26-Oct-2021","84.65","+0.89","83.72","82.97","84.88","467,716","404,651.00","84.43","84.48"
"25-Oct-2021","83.76","0.00","83.98","83.39","85.41","568,725","415,566.00","83.70","83.72"
"22-Oct-2021","83.76","+1.26","82.61","81.76","84.22","465,355","434,946.00","83.97","84.01"
"21-Oct-2021","82.50","-1.37","83.58","80.79","83.96","567,503","453,545.00","82.60","82.65"
"20-Oct-2021","83.87","+0.91","83.34","81.30","84.25","25,720","871.00","",""
"19-Oct-2021","82.96","+0.52","82.37","81.80","83.74","82,607","17,295.00","82.50","83.81"
"18-Oct-2021","82.44","+0.16","82.60","81.84","83.87","134,098","53,141.00","82.14","82.89"
"15-Oct-2021","82.28","+0.97","81.48","81.39","82.66","277,953","91,213.00","82.60","82.67"
"14-Oct-2021","81.31","+0.87","80.59","80.38","81.68","399,813","131,989.00","81.42","81.47"
"13-Oct-2021","80.44","-0.20","80.58","79.42","81.04","487,220","171,311.00","80.59","80.63"
"12-Oct-2021","80.64","+0.12","80.50","79.47","81.62","598,181","207,644.00","80.53","80.57"
"11-Oct-2021","80.52","+1.17","79.59","79.55","82.18","653,756","245,635.00","80.47","80.51"
"08-Oct-2021","79.35","+1.05","78.86","78.63","80.11","662,010","315,706.00","79.58","79.63"
"07-Oct-2021","78.30","+0.87","77.00","74.96","78.89","545,008","355,887.00","78.81","78.86"
"06-Oct-2021","77.43","-1.50","79.04","76.83","79.78","459,055","380,142.00","76.90","76.95"
"05-Oct-2021","78.93","+1.31","77.58","77.47","79.48","449,617","396,504.00","79.10","79.11"
"04-Oct-2021","77.62","+1.74","75.90","75.32","78.38","458,006","410,814.00","77.55","77.70"
"01-Oct-2021","75.88","+0.85","75.12","74.23","75.99","388,996","421,794.00","75.70","75.95"
"30-Sep-2021","75.03","+0.20","74.78","73.14","76.07","583,189","433,297.00","75.10","75.14"
"29-Sep-2021","74.83","-0.46","74.38","73.74","75.79","424,193","445,136.00","74.73","74.77"
"28-Sep-2021","75.29","-0.16","75.43","74.24","76.67","476,143","455,434.00","74.31","74.35"
"27-Sep-2021","75.45","+1.47","74.19","74.16","75.75","417,829","463,469.00","75.39","75.43"
"24-Sep-2021","73.98","+0.68","73.24","72.81","74.27","350,382","461,566.00","73.94","73.99"
"23-Sep-2021","73.30","+1.07","71.97","71.61","73.50","403,405","465,669.00","73.21","73.24"
"22-Sep-2021","72.23","+1.67","70.85","70.64","72.30","381,061","457,949.00","71.97","72.01"
"21-Sep-2021","70.56","+0.27","70.59","69.67","71.63","37,610","1,395.00","",""
"20-Sep-2021","70.29","-1.68","71.92","69.86","72.08","75,837","28,585.00","69.50","72.88"
"17-Sep-2021","71.97","-0.64","72.62","71.21","72.72","119,933","63,827.00","71.59","72.20"
"16-Sep-2021","72.61","0.00","72.65","71.53","72.99","298,412","94,289.00","72.55","72.59"
"15-Sep-2021","72.61","+2.15","70.76","70.65","73.14","418,665","143,700.00","72.62","72.65"
"14-Sep-2021","70.46","+0.01","70.64","69.98","71.22","414,231","171,139.00","70.76","70.80"
"13-Sep-2021","70.45","+0.73","69.74","69.51","70.97","390,939","208,490.00","70.65","70.67"
"10-Sep-2021","69.72","+1.58","67.97","67.68","69.96","411,079","241,588.00","69.68","69.72"
"09-Sep-2021","68.14","-1.16","69.36","67.56","69.89","556,451","274,667.00","67.89","67.93"
"08-Sep-2021","69.30","+0.95","68.37","68.31","69.75","389,325","297,139.00","69.38","69.42"
"07-Sep-2021","68.35","-0.94","69.11","67.64","69.48","481,704","314,960.00","68.36","68.40"
"03-Sep-2021","69.29","-0.70","69.76","69.05","70.53","313,086","319,289.00","69.06","69.10"
"02-Sep-2021","69.99","+1.40","68.29","67.84","70.61","403,314","332,655.00","69.76","69.80"
"01-Sep-2021","68.59","+0.09","68.55","67.12","69.24","399,497","339,387.00","68.21","68.25"
"31-Aug-2021","68.50","-0.71","69.18","68.16","69.34","325,853","351,028.00","68.39","68.53"
"30-Aug-2021","69.21","+0.47","69.30","67.67","69.64","360,797","354,990.00","69.11","69.15"
"27-Aug-2021","68.74","+1.32","67.75","67.52","69.05","326,056","352,147.00","68.65","68.68"
"26-Aug-2021","67.42","-0.94","68.00","67.02","68.31","344,286","354,034.00","67.75","67.80"
"25-Aug-2021","68.36","+0.82","67.63","66.92","68.54","353,742","356,949.00","67.96","68.00"
"24-Aug-2021","67.54","+1.90","65.54","65.41","67.80","335,888","355,251.00","67.63","67.67"
"23-Aug-2021","65.64","+3.32","61.96","61.74","66.00","397,290","360,507.00","65.52","65.56"
"20-Aug-2021","62.32","-1.37","64.05","62.11","64.10","24,628","3,652.00","",""
"19-Aug-2021","63.69","-1.77","64.58","62.63","64.76","88,237","21,932.00","62.50","65.55"
"18-Aug-2021","65.46","-1.13","66.58","64.34","67.48","121,197","57,276.00","64.36","65.10"
"17-Aug-2021","66.59","-0.70","67.43","66.33","67.72","235,303","87,281.00","66.52","66.59"
"16-Aug-2021","67.29","-1.15","67.71","65.73","68.27","334,844","133,988.00","67.44","67.49"
"13-Aug-2021","68.44","-0.65","68.91","67.77","69.22","272,033","160,215.00","68.00","68.05"
"12-Aug-2021","69.09","-0.16","69.36","68.46","69.62","352,465","188,826.00","68.89","68.94"
"11-Aug-2021","69.25","+0.96","68.51","66.67","69.45","513,292","217,660.00","69.35","69.39"
"10-Aug-2021","68.29","+1.81","66.85","66.56","68.90","452,126","253,744.00","68.49","68.53"
"09-Aug-2021","66.48","-1.80","67.88","65.15","67.90","598,381","305,299.00","66.81","66.86"
"06-Aug-2021","68.28","-0.81","69.14","67.80","70.18","537,136","342,438.00","67.83","67.88"
"05-Aug-2021","69.09","+0.94","68.06","67.61","69.35","416,331","392,102.00","69.10","69.13"
"04-Aug-2021","68.15","-2.41","70.32","67.85","70.81","582,924","407,100.00","68.00","68.04"
"03-Aug-2021","70.56","-0.70","71.52","69.19","71.96","509,938","430,727.00","70.19","70.23"
"02-Aug-2021","71.26","-2.69","73.91","70.55","73.95","448,200","450,594.00","71.47","71.50"
"30-Jul-2021","73.95","+0.33","73.41","72.93","74.23","303,700","458,700.00","73.76","73.82"
"29-Jul-2021","73.62","+1.23","72.40","72.26","73.68","294,462","458,109.00","73.39","73.42"
"28-Jul-2021","72.39","+0.74","71.90","71.70","72.60","318,911","463,368.00","72.36","72.40"
"27-Jul-2021","71.65","-0.26","72.22","71.08","72.33","333,123","476,958.00","71.88","71.91"
"26-Jul-2021","71.91","-0.16","72.18","70.56","72.43","395,743","479,199.00","72.17","72.20"
"23-Jul-2021","72.07","+0.16","71.71","71.39","72.21","274,778","475,745.00","72.17","72.20"
"22-Jul-2021","71.91","+1.61","70.22","69.86","72.03","435,181","475,384.00","71.70","71.73"
"21-Jul-2021","70.30","+2.88","66.45","66.44","70.51","503,030","461,813.00","70.21","70.25"
"20-Jul-2021","67.42","+1.00","66.60","65.21","67.65","29,740","1,099.00","",""
"19-Jul-2021","66.42","-5.39","71.49","65.63","71.67","82,565","24,379.00","64.30","72.50"
"16-Jul-2021","71.81","+0.16","71.48","70.41","72.30","133,926","64,944.00","71.25","71.81"
"15-Jul-2021","71.65","-1.48","72.96","71.40","72.96","368,679","89,375.00","71.45","71.50"
"14-Jul-2021","73.13","-2.12","75.17","72.21","75.44","528,360","150,335.00","72.90","72.94"
"13-Jul-2021","75.25","+1.15","74.18","73.68","75.52","444,078","197,888.00","75.20","75.25"
"12-Jul-2021","74.10","-0.46","74.74","73.16","74.93","397,931","229,425.00","74.15","74.19"
"09-Jul-2021","74.56","+1.62","73.26","72.72","74.76","422,154","263,878.00","74.60","74.68"
"08-Jul-2021","72.94","+0.74","72.17","70.76","73.26","529,690","284,862.00","73.22","73.27"
"07-Jul-2021","72.20","-1.17","73.85","71.07","74.86","607,971","324,636.00","72.10","72.15"
"06-Jul-2021","73.37","-1.79","75.35","72.94","76.98","714,044","354,925.00","73.75","73.84"
"02-Jul-2021","75.16","-0.07","75.02","74.41","75.62","377,531","388,168.00","75.05","75.30"
"01-Jul-2021","75.23","+1.76","73.50","73.39","76.22","615,678","397,615.00","74.90","75.02"
"30-Jun-2021","73.47","+0.49","73.47","72.82","74.14","383,626","399,213.00","73.45","73.56"
"29-Jun-2021","72.98","+0.07","72.78","71.97","73.81","321,448","404,126.00","73.43","73.48"
"28-Jun-2021","72.91","-1.14","73.99","72.62","74.45","354,701","407,860.00","72.75","72.79"
"25-Jun-2021","74.05","+0.75","73.32","72.85","74.18","364,721","416,743.00","73.97","74.03"
"24-Jun-2021","73.30","+0.22","73.28","72.32","73.61","334,833","427,257.00","73.31","73.36"
"23-Jun-2021","73.08","+0.02","72.91","72.82","74.25","429,207","426,977.00","73.25","73.29"
"22-Jun-2021","73.06","-0.60","73.41","72.94","73.95","29,002","1,342.00","",""
"21-Jun-2021","73.66","+2.02","71.52","71.15","73.96","123,662","21,423.00","73.15","73.75"
"18-Jun-2021","71.64","+0.60","71.10","70.16","72.17","139,584","59,274.00","71.30","72.09"
"17-Jun-2021","71.04","-1.11","71.65","69.77","72.30","373,780","89,424.00","71.02","71.10"
"16-Jun-2021","72.15","+0.03","72.45","71.61","72.99","426,775","144,550.00","71.64","71.68"
"15-Jun-2021","72.12","+1.24","71.16","70.81","72.49","336,035","189,823.00","72.46","72.50"
"14-Jun-2021","70.88","-0.03","70.65","70.65","71.78","319,639","220,371.00","71.17","71.22"
"11-Jun-2021","70.91","+0.62","70.10","69.68","71.24","563,575","249,601.00","70.76","70.86"
"10-Jun-2021","70.29","+0.33","69.76","68.68","70.65","492,464","285,113.00","70.07","70.11"
"09-Jun-2021","69.96","-0.09","70.01","69.46","70.62","410,820","321,584.00","69.72","69.77"
"08-Jun-2021","70.05","+0.82","69.29","68.47","70.27","441,302","362,531.00","70.02","70.05"
"07-Jun-2021","69.23","-0.39","69.52","68.93","70.00","365,621","404,390.00","69.20","69.23"
"04-Jun-2021","69.62","+0.81","68.91","68.33","69.76","326,250","440,521.00","69.37","69.43"
"03-Jun-2021","68.81","-0.02","68.76","68.19","69.40","351,367","453,902.00","68.92","68.96"
"02-Jun-2021","68.83","+1.11","67.99","67.78","69.00","332,995","458,753.00","68.74","68.80"
"01-Jun-2021","67.72","+1.40","66.68","66.41","68.87","570,985","468,919.00","67.97","68.01"
"28-May-2021","66.32","-0.53","66.95","66.17","67.52","390,461","479,286.00","66.61","66.69"
"27-May-2021","66.85","+0.64","66.16","65.47","66.92","337,542","490,223.00","66.85","66.89"
"26-May-2021","66.21","+0.14","66.04","65.25","66.43","376,207","492,923.00","66.12","66.16"
"25-May-2021","66.07","+0.02","66.02","65.41","66.51","497,394","484,305.00","65.99","66.03"
"24-May-2021","66.05","+2.47","63.87","63.63","66.14","466,647","486,207.00","66.02","66.06"
"21-May-2021","63.58","+1.53","61.89","61.56","64.07","530,831","485,315.00","63.86","63.90"
"20-May-2021","62.05","-1.31","63.39","61.89","63.96","29,619","1,081.00","",""
"19-May-2021","63.36","-2.13","65.28","61.95","65.35","101,902","21,920.00","63.17","63.99"
"18-May-2021","65.49","-0.78","66.33","64.11","67.01","167,348","62,966.00","65.05","65.47"
"17-May-2021","66.27","+0.90","65.50","64.83","66.43","268,476","100,676.00","66.37","66.40"
"14-May-2021","65.37","+1.55","63.83","63.33","65.62","383,749","151,904.00","65.48","65.55"
"13-May-2021","63.82","-2.26","65.75","63.09","65.81","547,691","189,454.00","63.77","63.80"
"12-May-2021","66.08","+0.80","65.46","64.97","66.63","508,519","227,675.00","65.69","65.73"
"11-May-2021","65.28","+0.36","64.90","63.68","65.50","514,949","261,026.00","65.42","65.46"
"10-May-2021","64.92","+0.02","65.57","63.95","65.75","448,337","287,303.00","64.85","64.89"
"07-May-2021","64.90","+0.19","64.90","63.90","65.24","431,417","317,262.00","64.81","64.85"
"06-May-2021","64.71","-0.92","65.27","64.50","65.98","389,214","343,450.00","64.84","64.87"
"05-May-2021","65.63","-0.06","66.45","64.92","66.76","460,066","358,138.00","65.29","65.32"
"04-May-2021","65.69","+1.20","64.53","64.29","66.19","370,208","377,079.00","66.10","66.15"
"03-May-2021","64.49","+0.91","63.64","62.91","64.68","285,969","394,350.00","64.49","64.51"
"30-Apr-2021","63.58","-1.43","64.88","63.08","64.95","400,515","406,581.00","63.46","63.49"
"29-Apr-2021","65.01","+1.15","63.70","63.65","65.47","384,489","421,089.00","64.85","64.88"
"28-Apr-2021","63.86","+0.92","63.04","62.67","64.53","387,683","430,013.00","63.64","63.68"
"27-Apr-2021","62.94","+1.03","61.97","61.91","63.30","361,536","434,736.00","63.01","63.04"
"26-Apr-2021","61.91","-0.23","62.06","60.66","62.31","366,865","437,040.00","61.96","61.99"
"23-Apr-2021","62.14","+0.71","61.65","61.25","62.43","345,407","440,919.00","62.03","62.08"
"22-Apr-2021","61.43","+0.08","61.11","60.61","61.87","344,700","444,517.00","61.65","61.68"
"21-Apr-2021","61.35","-1.09","62.39","60.86","62.56","431,486","453,926.00","61.06","61.10"
"20-Apr-2021","62.44","-0.94","63.47","61.50","64.25","33,035","419.00","",""
"19-Apr-2021","63.38","+0.25","62.98","62.63","63.63","74,384","20,309.00","62.36","63.55"
"16-Apr-2021","63.13","-0.33","63.32","62.83","63.88","87,795","54,874.00","62.98","63.09"
"15-Apr-2021","63.46","+0.31","62.83","62.53","63.57","243,370","76,968.00","63.30","63.34"
"14-Apr-2021","63.15","+2.97","60.44","60.38","63.44","419,813","118,238.00","62.73","62.77"
"13-Apr-2021","60.18","+0.48","59.64","59.64","60.59","349,733","158,120.00","60.43","60.49"
"12-Apr-2021","59.70","+0.38","59.35","58.73","60.77","410,218","199,986.00","59.62","59.64"
"09-Apr-2021","59.32","-0.28","59.76","59.10","59.95","351,436","246,588.00","59.32","59.35"
"08-Apr-2021","59.60","-0.17","59.52","58.82","59.93","419,913","279,785.00","59.78","59.80"
"07-Apr-2021","59.77","+0.44","59.26","58.12","60.04","475,537","312,954.00","59.55","59.57"
"06-Apr-2021","59.33","+0.68","58.80","58.62","60.90","457,348","330,443.00","59.19","59.21"
"05-Apr-2021","58.65","-2.80","61.50","57.63","61.50","438,864","355,893.00","58.79","58.82"
"01-Apr-2021","61.45","+2.29","59.49","58.86","61.75","605,567","359,445.00","61.17","61.49"
"31-Mar-2021","59.16","-1.39","60.45","58.85","61.17","414,162","376,380.00","59.40","59.51"
"30-Mar-2021","60.55","-1.01","61.96","59.94","62.27","388,188","380,516.00","60.39","60.44"
"29-Mar-2021","61.56","+0.59","60.93","59.41","61.77","449,360","386,937.00","61.60","61.62"
"26-Mar-2021","60.97","+2.41","58.48","58.32","61.36","471,996","388,073.00","60.70","60.77"
"25-Mar-2021","58.56","-2.62","60.80","57.44","60.86","580,105","397,386.00","58.32","58.35"
"24-Mar-2021","61.18","+3.42","57.40","57.29","61.34","566,291","413,026.00","60.83","60.87"
"23-Mar-2021","57.76","-3.79","61.28","57.25","61.35","712,317","416,273.00","57.38","57.40"
"22-Mar-2021","61.55","+0.13","61.55","60.39","61.90","28,263","3,643.00","",""
"19-Mar-2021","61.42","+1.42","59.56","58.94","61.72","84,171","21,784.00","58.55","63.95"
"18-Mar-2021","60.00","-4.60","64.42","58.20","64.82","143,597","52,233.00","58.78","59.98"
"17-Mar-2021","64.60","-0.20","64.75","63.60","65.34","254,724","71,615.00","64.43","64.46"
"16-Mar-2021","64.80","-0.59","65.33","63.80","65.43","317,537","104,786.00","64.94","64.97"
"15-Mar-2021","65.39","-0.22","65.56","64.13","66.40","378,009","134,277.00","65.27","65.29"
"12-Mar-2021","65.61","-0.41","65.96","65.41","66.24","321,714","168,790.00","65.55","65.59"
"11-Mar-2021","66.02","+1.58","64.70","64.54","66.21","441,063","198,494.00","65.88","65.93"
"10-Mar-2021","64.44","+0.43","63.84","63.13","64.96","498,488","215,531.00","64.68","64.71"
"09-Mar-2021","64.01","-1.04","64.73","63.63","65.98","554,564","245,616.00","63.80","63.83"
"08-Mar-2021","65.05","-1.04","66.68","64.57","67.98","533,376","284,085.00","64.65","64.68"
"05-Mar-2021","66.09","+2.26","64.16","63.82","66.42","573,168","315,138.00","66.24","66.32"
"04-Mar-2021","63.83","+2.55","61.08","60.52","64.86","694,628","337,565.00","63.85","64.14"
"03-Mar-2021","61.28","+1.53","59.55","59.24","61.99","465,311","358,391.00","60.95","61.14"
"02-Mar-2021","59.75","-0.89","60.23","59.38","61.21","464,133","374,043.00","59.44","59.49"
"01-Mar-2021","60.64","-0.86","61.95","59.96","62.92","456,679","398,080.00","60.20","60.23"
"26-Feb-2021","61.50","-2.03","63.46","61.34","63.57","472,723","424,066.00","61.58","61.68"
"25-Feb-2021","63.53","+0.31","63.39","62.65","63.81","510,357","435,623.00","63.45","63.49"
"24-Feb-2021","63.22","+1.55","61.29","60.97","63.51","489,933","448,812.00","63.44","63.48"
"23-Feb-2021","61.67","+0.18","62.16","60.67","63.00","570,677","444,616.00","61.19","61.23"
"22-Feb-2021","61.49","+2.25","58.88","58.82","61.84","37,043","2,504.00","",""
"19-Feb-2021","59.24","-1.28","60.20","58.59","60.29","102,427","27,854.00","58.55","60.53"
"18-Feb-2021","60.52","-0.62","61.68","59.79","62.26","132,035","65,720.00","59.95","60.42"
"17-Feb-2021","61.14","+1.09","60.24","59.43","61.73","335,419","84,307.00","61.45","61.74"
"16-Feb-2021","60.05","+0.58","59.98","59.33","60.95","602,332","143,369.00","60.13","60.17"
"12-Feb-2021","59.47","+1.23","57.94","57.41","59.82","480,822","177,448.00","59.68","59.73"
"11-Feb-2021","58.24","-0.44","58.40","57.84","58.71","380,445","211,344.00","57.89","57.92"
"10-Feb-2021","58.68","+0.32","58.45","58.08","58.91","457,535","246,603.00","58.38","58.40"
"09-Feb-2021","58.36","+0.39","58.11","57.27","58.62","514,698","284,191.00","58.38","58.42"
"08-Feb-2021","57.97","+1.12","57.06","57.00","58.14","399,724","322,624.00","58.08","58.10"
"05-Feb-2021","56.85","+0.62","56.46","56.43","57.29","400,833","365,668.00","57.06","57.09"
"04-Feb-2021","56.23","+0.54","55.96","55.30","56.58","381,404","405,717.00","56.46","56.48"
"03-Feb-2021","55.69","+0.93","55.05","54.81","56.33","448,693","421,967.00","55.93","55.95"
"02-Feb-2021","54.76","+1.21","53.48","53.45","55.26","463,718","422,200.00","55.02","55.06"
"01-Feb-2021","53.55","+1.35","51.99","51.64","53.74","416,067","431,212.00","53.53","53.55"
"29-Jan-2021","52.20","-0.14","52.15","51.93","53.25","410,914","433,690.00","52.12","52.16"
"28-Jan-2021","52.34","-0.51","52.65","52.04","53.58","411,406","437,500.00","52.08","52.12"
"27-Jan-2021","52.85","+0.24","52.76","51.85","53.30","442,376","450,591.00","52.62","52.65"
"26-Jan-2021","52.61","-0.16","52.91","52.29","53.25","314,538","446,065.00","52.73","52.76"
"25-Jan-2021","52.77","+0.50","52.17","51.82","52.95","349,076","449,086.00","52.86","52.89"
"22-Jan-2021","52.27","-0.86","53.10","51.44","53.16","437,484","454,055.00","51.98","52.00"
"21-Jan-2021","53.13","-0.11","52.93","52.75","53.41","352,397","462,822.00","53.01","53.03"
"20-Jan-2021","53.24","+0.26","53.13","53.05","53.79","37,840","1,799.00","",""
"19-Jan-2021","52.98","+0.62","52.00","51.76","53.13","125,964","26,439.00","52.88","54.07"
"15-Jan-2021","52.36","-1.21","53.80","51.83","53.83","165,668","69,513.00","52.04","52.09"
"14-Jan-2021","53.57","+0.66","52.84","52.24","53.75","390,087","96,455.00","53.70","53.74"
"13-Jan-2021","52.91","-0.30","53.31","52.58","53.93","429,898","148,841.00","52.85","52.87"
"12-Jan-2021","53.21","+0.96","52.18","52.07","53.45","400,200","196,671.00","53.27","53.30"
"11-Jan-2021","52.25","+0.01","52.58","51.50","52.70","394,822","240,536.00","52.17","52.19"
"08-Jan-2021","52.24","+1.41","50.93","50.81","52.75","499,416","278,072.00","52.67","52.77"
"07-Jan-2021","50.83","+0.20","50.53","50.39","51.28","369,292","292,709.00","50.85","50.99"
"06-Jan-2021","50.63","+0.70","49.82","49.48","50.94","509,365","312,617.00","50.40","50.65"
"05-Jan-2021","49.93","+2.31","47.38","47.24","50.20","643,191","334,500.00","49.78","49.86"
"04-Jan-2021","47.62","-0.90","48.40","47.18","49.83","528,525","357,839.00","47.30","47.39"
"31-Dec-2020","48.52","+0.12","48.35","47.77","48.58","181,894","367,996.00","48.40","48.43"
"30-Dec-2020","48.40","+0.40","48.13","47.61","48.66","266,957","364,939.00","48.26","48.40"
"29-Dec-2020","48.00","+0.38","47.72","47.68","48.35","213,778","362,267.00","48.03","48.20"
"28-Dec-2020","47.62","-0.61","48.23","47.50","48.96","238,462","369,491.00","47.61","47.73"
"24-Dec-2020","48.23","+0.11","48.09","47.56","48.62","167,390","372,121.00","48.24","48.35"
"23-Dec-2020","48.12","+1.10","46.79","46.16","48.50","344,306","377,289.00","47.97","48.11"
"22-Dec-2020","47.02","-0.72","47.93","46.60","47.96","295,737","378,822.00","46.75","46.86"
"21-Dec-2020","47.74","-1.36","48.54","46.18","48.61","27,955","3,255.00","",""
"18-Dec-2020","49.10","+0.74","48.43","48.10","49.28","83,711","19,945.00","48.81",""
"17-Dec-2020","48.36","+0.54","47.85","47.81","48.59","96,536","51,898.00","48.33","48.50"
"16-Dec-2020","47.82","+0.20","47.60","47.17","47.94","275,331","70,701.00","47.74","47.90"
"15-Dec-2020","47.62","+0.63","46.99","46.54","47.73","311,169","125,298.00","47.52","47.65"
"14-Dec-2020","46.99","+0.42","46.73","45.69","47.44","403,543","167,652.00","46.95","47.08"
"11-Dec-2020","46.57","-0.21","46.97","46.34","47.29","367,305","212,885.00","46.40","46.64"
"10-Dec-2020","46.78","+1.26","45.69","45.52","47.74","447,529","243,653.00","46.93","47.00"
"09-Dec-2020","45.52","-0.08","45.60","44.95","46.24","434,976","265,488.00","45.68","45.77"
"08-Dec-2020","45.60","-0.16","45.66","45.14","45.93","332,641","300,016.00","45.52","45.65"
"07-Dec-2020","45.76","-0.50","46.15","45.36","46.54","348,871","330,173.00","45.58","45.66"
"04-Dec-2020","46.26","+0.62","45.64","45.61","46.68","335,453","358,034.00","46.03","46.15"
"03-Dec-2020","45.64","+0.36","44.99","44.66","45.84","350,768","363,893.00","45.56","45.71"
"02-Dec-2020","45.28","+0.73","44.38","43.92","45.92","368,854","377,052.00","44.80","44.99"
"01-Dec-2020","44.55","-0.79","45.08","44.12","45.70","314,919","387,259.00","44.27","44.41"
"30-Nov-2020","45.34","-0.19","45.34","44.42","45.80","370,755","398,824.00","45.01","45.08"
"27-Nov-2020","45.53","-0.18","45.90","44.55","46.09","365,128","406,432.00","45.47","45.57"
"25-Nov-2020","45.71","+0.80","44.82","44.73","46.26","417,182","407,944.00","45.83","45.94"
"24-Nov-2020","44.91","+1.85","42.84","42.82","45.20","418,527","409,337.00","44.78","44.90"
"23-Nov-2020","43.06","+0.91","42.46","42.29","43.36","300,717","418,318.00","42.81","42.90"
"20-Nov-2020","42.15","+0.41","41.70","41.51","42.32","29,784","3,302.00","",""
"19-Nov-2020","41.74","-0.08","41.61","41.08","41.98","88,144","21,888.00","41.70","42.00"
"18-Nov-2020","41.82","+0.39","41.35","41.08","42.46","107,013","58,928.00","41.58","41.75"
"17-Nov-2020","41.43","+0.09","41.44","40.57","41.69","243,677","80,686.00","41.35","41.45"
"16-Nov-2020","41.34","+1.21","40.17","40.15","42.09","378,785","145,068.00","41.44","41.64"
"13-Nov-2020","40.13","-0.99","40.94","40.06","40.94","338,187","191,210.00","40.11","40.14"
"12-Nov-2020","41.12","-0.33","41.47","40.87","42.19","401,031","214,098.00","40.90","40.98"
"11-Nov-2020","41.45","+0.09","41.79","41.32","43.06","443,772","237,835.00","41.36","41.47"
"10-Nov-2020","41.36","+1.07","39.91","39.41","41.84","457,045","246,475.00","41.75","41.86"
"09-Nov-2020","40.29","+3.15","37.34","37.16","41.33","622,921","258,410.00","39.78","39.99"
"06-Nov-2020","37.14","-1.65","38.54","37.06","38.61","411,026","288,041.00","37.36","37.50"
"05-Nov-2020","38.79","-0.36","39.17","38.27","39.35","298,366","313,589.00","38.40","38.54"
"04-Nov-2020","39.15","+1.49","38.15","37.26","39.25","437,000","325,536.00","38.95","39.18"
"03-Nov-2020","37.66","+0.85","37.03","36.57","38.32","410,611","338,582.00","37.99","38.24"
"02-Nov-2020","36.81","+1.02","35.24","33.64","37.15","489,204","366,840.00","37.02","37.10"
"30-Oct-2020","35.79","-0.38","36.07","35.21","36.60","388,971","378,990.00","35.61","35.74"
"29-Oct-2020","36.17","-1.22","37.39","34.92","37.76","568,816","380,526.00","36.09","36.21"
"28-Oct-2020","37.39","-2.18","38.97","36.97","39.01","489,954","387,243.00","37.31","37.40"
"27-Oct-2020","39.57","+1.01","38.59","38.51","39.83","339,535","395,374.00","38.92","38.98"
"26-Oct-2020","38.56","-1.29","39.69","38.28","39.74","360,184","407,185.00","38.58","38.62"
"23-Oct-2020","39.85","-0.79","40.61","39.57","40.92","268,931","406,342.00","39.63","39.86"
"22-Oct-2020","40.64","+0.61","40.04","39.71","41.02","307,494","410,635.00","40.55","40.70"
"21-Oct-2020","40.03","-1.43","41.22","39.78","41.59","366,899","420,753.00","39.96","40.04"
"20-Oct-2020","41.46","+0.63","40.65","40.25","41.70","24,518","400.00","",""
"19-Oct-2020","40.83","-0.05","40.69","40.54","41.22","75,335","15,166.00","40.48","40.84"
"16-Oct-2020","40.88","-0.08","40.88","40.08","41.05","96,488","55,666.00","40.34","41.00"
"15-Oct-2020","40.96","-0.08","41.13","39.22","41.29","248,251","73,824.00","40.89","41.01"
"14-Oct-2020","41.04","+0.84","40.19","39.82","41.16","328,295","101,748.00","41.04","41.18"
"13-Oct-2020","40.20","+0.77","39.53","39.35","40.53","375,470","132,930.00","40.12","40.26"
"12-Oct-2020","39.43","-1.17","40.40","39.04","40.45","322,035","173,494.00","39.40","39.60"
"09-Oct-2020","40.60","-0.59","41.31","40.38","41.47","331,703","198,765.00","40.45","40.65"
"08-Oct-2020","41.19","+1.24","39.99","39.76","41.33","409,787","233,004.00","41.25","41.33"
"07-Oct-2020","39.95","-0.72","39.83","39.28","40.35","433,065","268,430.00","40.01","40.06"
"06-Oct-2020","40.67","+1.45","39.35","39.10","40.86","400,531","306,975.00","39.79","39.90"
"05-Oct-2020","39.22","+2.17","37.00","37.00","39.72","378,579","324,206.00","39.28","39.35"
"02-Oct-2020","37.05","-1.67","38.60","36.63","38.65","391,428","335,875.00","36.89","37.12"
"01-Oct-2020","38.72","-1.50","39.90","37.61","40.47","443,442","345,967.00","38.50","38.59"
"30-Sep-2020","40.22","+0.93","39.16","38.68","40.37","340,294","350,342.00","39.83","39.88"
"29-Sep-2020","39.29","-1.31","40.58","38.41","40.70","379,599","355,971.00","39.09","39.15"
"28-Sep-2020","40.60","+0.35","40.07","39.78","40.80","226,425","355,663.00","40.51","40.60"
"25-Sep-2020","40.25","-0.06","40.15","39.71","40.64","229,025","355,229.00","40.00","40.08"
"24-Sep-2020","40.31","+0.38","39.60","39.12","40.37","269,992","360,410.00","40.15","40.22"
"23-Sep-2020","39.93","+0.33","39.76","39.26","40.75","318,754","363,030.00","39.57","39.60"
"22-Sep-2020","39.60","+0.29","39.63","39.00","40.02","23,217","3,407.00","",""
"21-Sep-2020","39.31","-1.80","40.98","38.66","41.27","66,195","18,578.00","39.37","41.70"
"18-Sep-2020","41.11","+0.14","40.97","40.30","41.49","73,755","53,422.00","40.80","41.48"
"17-Sep-2020","40.97","+0.81","40.19","39.42","41.22","280,669","65,762.00","40.96","40.99"
"16-Sep-2020","40.16","+1.88","38.35","38.35","40.34","367,612","99,916.00","40.03","40.20"
"15-Sep-2020","38.28","+1.02","37.28","37.06","38.57","348,861","135,057.00","38.33","38.46"
"14-Sep-2020","37.26","-0.07","37.32","36.82","37.68","347,563","174,182.00","37.25","37.29"
"11-Sep-2020","37.33","+0.03","37.01","36.67","37.82","363,787","204,256.00","37.25","37.54"
"10-Sep-2020","37.30","-0.75","37.80","36.93","38.18","367,555","226,703.00","36.97","37.01"
"09-Sep-2020","38.05","+1.29","36.79","36.16","38.45","455,356","247,194.00","37.75","37.93"
"08-Sep-2020","36.76","-3.01","39.48","36.13","39.59","720,975","53,422.00","36.83","36.87"
"04-Sep-2020","39.77","-1.60","41.25","39.35","41.87","444,184","309,287.00","39.40","39.55"
"03-Sep-2020","41.37","-0.14","41.63","40.22","41.79","417,634","326,799.00","41.26","41.36"
"02-Sep-2020","41.51","-1.25","43.02","41.23","43.21","421,771","333,973.00","41.54","41.64"
"01-Sep-2020","42.76","+0.15","42.83","42.72","43.43","285,146","337,933.00","42.93","43.03"
"31-Aug-2020","42.61","-0.36","42.91","42.56","43.57","236,877","354,093.00","42.78","42.87"
"28-Aug-2020","42.97","-0.07","42.98","42.69","43.42","272,800","362,305.00","42.90","43.02"
"27-Aug-2020","43.04","-0.35","43.45","42.36","43.50","320,968","372,309.00","42.97","43.05"
"26-Aug-2020","43.39","+0.04","43.39","43.00","43.78","262,243","379,823.00","43.37","43.47"
"25-Aug-2020","43.35","+0.73","42.36","42.31","43.57","330,800","378,145.00","43.36","43.41"
"24-Aug-2020","42.62","+0.28","42.48","42.23","42.89","294,731","370,481.00","42.36","42.43"
"21-Aug-2020","42.34","-0.24","42.75","41.46","42.96","345,368","376,131.00","42.22","42.34"
"20-Aug-2020","42.58","-0.35","42.74","41.50","42.79","27,428","1,671.00","",""
"19-Aug-2020","42.93","+0.04","42.60","42.36","43.03","81,299","20,559.00","42.60","43.25"
"18-Aug-2020","42.89","0.00","42.79","42.11","42.99","111,628","57,929.00","42.32","43.00"
"17-Aug-2020","42.89","+0.88","42.24","41.80","42.97","208,429","75,639.00","42.67","42.81"
"14-Aug-2020","42.01","-0.23","42.33","41.62","42.57","310,866","120,294.00","42.00","42.29"
"13-Aug-2020","42.24","-0.43","42.57","42.09","42.84","329,507","154,923.00","42.29","42.36"
"12-Aug-2020","42.67","+1.06","41.62","41.53","42.90","397,831","195,634.00","42.52","42.58"
"11-Aug-2020","41.61","-0.33","41.98","41.48","42.94","432,843","256,764.00","41.58","41.66"
"10-Aug-2020","41.94","+0.72","41.50","41.17","42.33","367,796","298,735.00","41.93","41.99"
"07-Aug-2020","41.22","-0.73","41.97","41.06","42.22","398,997","339,035.00","41.28","41.66"
"06-Aug-2020","41.95","-0.24","42.19","41.61","42.65","359,610","380,136.00","41.92","42.05"
"05-Aug-2020","42.19","+0.49","41.56","41.47","43.52","491,268","393,357.00","42.11","42.30"
"04-Aug-2020","41.70","+0.69","40.78","40.14","42.08","451,575","393,668.00","41.50","41.59"
"03-Aug-2020","41.01","+0.74","40.39","39.58","41.24","338,326","393,192.00","40.74","40.80"
"31-Jul-2020","40.27","+0.35","40.34","39.66","40.55","318,788","412,279.00","40.34","40.48"
"30-Jul-2020","39.92","-1.35","41.32","38.72","41.39","487,325","433,568.00","40.32","40.46"
"29-Jul-2020","41.27","+0.23","41.13","40.93","41.57","295,855","439,683.00","41.25","41.34"
"28-Jul-2020","41.04","-0.56","41.65","40.85","41.93","276,804","451,039.00","41.06","41.11"
"27-Jul-2020","41.60","+0.31","41.26","40.48","41.82","377,714","455,271.00","41.59","41.69"
"24-Jul-2020","41.29","+0.22","41.06","40.66","41.67","353,159","453,198.00","41.26","41.37"
"23-Jul-2020","41.07","-0.83","41.95","40.83","42.36","389,412","455,544.00","40.95","41.09"
"22-Jul-2020","41.90","-0.06","41.54","41.14","42.03","333,647","467,297.00","41.85","41.92"
"21-Jul-2020","41.96","+1.15","40.65","40.64","42.40","25,624","1,826.00","",""
"20-Jul-2020","40.81","+0.22","40.64","39.83","40.91","60,179","17,609.00","39.50","40.92"
"17-Jul-2020","40.59","-0.16","40.72","40.02","40.90","88,220","48,675.00","40.18","40.95"
"16-Jul-2020","40.75","-0.45","40.97","40.52","41.18","200,101","68,915.00","40.61","40.87"
"15-Jul-2020","41.20","+0.91","40.55","40.08","41.26","352,542","108,320.00","40.92","41.03"
"14-Jul-2020","40.29","+0.19","39.60","39.07","40.57","426,971","128,484.00","40.41","40.56"
"13-Jul-2020","40.10","-0.45","40.35","39.47","40.72","370,715","143,723.00","39.45","39.69"
"10-Jul-2020","40.55","+0.93","39.58","38.54","40.77","393,149","169,194.00","40.28","40.64"
"09-Jul-2020","39.62","-1.28","40.87","39.27","40.99","367,386","194,651.00","39.45","39.64"
"08-Jul-2020","40.90","+0.28","40.48","40.30","41.08","286,740","216,161.00","40.81","40.91"
"07-Jul-2020","40.62","-0.01","40.68","39.90","40.95","256,596","237,472.00","40.41","40.50"
"06-Jul-2020","40.63","-0.02","40.31","39.84","41.08","373,236","245,607.00","40.55","40.69"
"02-Jul-2020","40.65","+0.83","39.78","39.46","40.74","347,096","256,512.00","40.27","40.34"
"01-Jul-2020","39.82","+0.55","39.84","39.05","40.58","407,170","262,852.00","39.63","39.73"
"30-Jun-2020","39.27","-0.43","39.64","38.85","40.08","370,059","271,877.00","39.75","39.84"
"29-Jun-2020","39.70","+1.21","37.96","37.50","39.89","343,913","287,515.00","39.60","39.67"
"26-Jun-2020","38.49","-0.23","39.09","37.79","39.35","356,712","296,643.00","38.07","38.23"
"25-Jun-2020","38.72","+0.71","38.05","37.08","39.23","451,640","301,682.00","39.00","39.22"
"24-Jun-2020","38.01","-2.36","39.99","37.31","40.54","499,490","303,081.00","37.95","38.10"
"23-Jun-2020","40.37","-0.09","40.68","39.76","41.63","368,730","312,290.00","39.90","40.09"
"22-Jun-2020","40.46","+0.71","39.18","39.12","40.70","29,891","877.00","",""
"19-Jun-2020","39.75","+0.91","38.85","38.40","40.49","64,113","19,690.00","38.00","41.00"
"18-Jun-2020","38.84","+0.88","37.74","37.11","38.97","113,384","39,340.00","38.60","39.01"
"17-Jun-2020","37.96","-0.42","37.93","37.21","38.75","239,516","64,298.00","37.52","37.70"
"16-Jun-2020","38.38","+1.26","37.05","36.38","39.06","366,323","96,983.00","37.85","38.00"
"15-Jun-2020","37.12","+0.86","36.03","34.36","37.26","387,546","126,969.00","37.06","37.09"
"12-Jun-2020","36.26","-0.08","36.26","34.48","36.99","406,508","151,371.00","36.47","36.60"
"11-Jun-2020","36.34","-3.26","39.09","35.41","39.09","513,912","176,347.00","36.14","36.26"
"10-Jun-2020","39.60","+0.66","38.50","37.73","39.91","385,868","186,277.00","38.96","39.16"
"09-Jun-2020","38.94","+0.75","38.22","37.07","39.10","396,033","199,619.00","38.36","38.46"
"08-Jun-2020","38.19","-1.36","39.41","37.96","40.44","416,639","219,058.00","38.11","38.30"
"05-Jun-2020","39.55","+2.14","37.33","37.05","39.68","396,856","226,110.00","38.80","39.40"
"04-Jun-2020","37.41","+0.12","36.76","36.38","37.62","307,612","237,893.00","37.30","37.38"
"03-Jun-2020","37.29","+0.48","36.86","35.88","38.18","494,253","243,804.00","36.60","36.77"
"02-Jun-2020","36.81","+1.37","35.56","35.28","37.06","343,483","240,109.00","36.84","37.00"
"01-Jun-2020","35.44","-0.05","35.21","34.27","35.90","385,710","243,333.00","35.52","35.79"
"29-May-2020","35.49","+1.78","33.68","32.36","35.77","443,647","254,909.00","35.20","35.49"
"28-May-2020","33.71","+0.90","32.10","31.14","34.21","440,168","260,121.00","33.60","33.75"
"27-May-2020","32.81","-1.54","34.14","31.75","34.32","415,246","266,566.00","31.91","32.27"
"26-May-2020","34.35","+1.10","33.30","32.48","34.81","466,737","270,931.00","34.10","34.20"
"22-May-2020","33.25","-0.67","33.95","30.72","34.00","429,036","277,396.00","33.19","33.60"
"21-May-2020","33.92","+0.43","33.53","33.26","34.66","372,814","282,132.00","33.86","34.00"
"20-May-2020","33.49","+0.99","31.89","31.56","33.78","406,431","291,719.00","33.48","33.60"
"19-May-2020","32.50","+0.68","32.83","31.34","33.44","36,070","1,058.00","",""
"18-May-2020","31.82","+2.39","29.53","29.53","33.32","89,376","23,344.00","31.77","44.00"
"15-May-2020","29.43","+1.87","27.64","27.24","29.92","108,016","54,931.00","29.53","30.28"
"14-May-2020","27.56","+2.27","25.56","25.18","27.96","160,507","75,290.00","27.61","27.88"
"13-May-2020","25.29","-0.49","25.30","24.79","26.45","150,864","134,982.00","25.28","25.69"
"12-May-2020","25.78","+1.64","24.49","24.22","26.23","212,335","154,375.00","25.30","25.62"
"11-May-2020","24.14","-0.60","24.49","23.67","25.58","179,591","190,103.00","24.26","24.90"
"08-May-2020","24.74","+1.19","23.35","23.26","24.99","205,181","206,986.00","24.45","24.90"
"07-May-2020","23.55","-0.44","24.09","22.94","26.74","310,261","213,681.00","23.08","23.52"
"06-May-2020","23.99","-0.57","25.52","22.58","26.08","381,165","237,464.00","24.06","24.15"
"05-May-2020","24.56","+4.17","21.24","21.13","25.49","387,240","256,665.00","25.26","25.47"
"04-May-2020","20.39","+0.61","19.11","18.05","21.42","311,488","258,331.00","21.14","21.41"
"01-May-2020","19.78","+0.94","19.04","18.07","20.48","403,201","260,982.00","19.67","19.85"
"30-Apr-2020","18.84","+3.78","15.64","15.45","19.44","545,344","273,497.00","19.00","19.14"
"29-Apr-2020","15.06","+2.72","13.35","12.67","16.78","554,134","285,537.00","15.32","15.44"
"28-Apr-2020","12.34","-0.44","12.96","10.07","13.69","897,087","317,760.00","13.18","13.38"
"27-Apr-2020","12.78","-4.16","16.84","11.88","16.98","623,201","325,985.00","12.90","13.02"
"24-Apr-2020","16.94","+0.44","16.78","15.64","17.97","600,220","327,469.00","17.02","17.50"
"23-Apr-2020","16.50","+2.72","14.20","13.35","18.26","833,584","360,880.00","16.80","16.88"
"22-Apr-2020","13.78","+3.77","13.12","10.26","16.18","1,235,218","379,358.00","14.22","14.39"
"21-Apr-2020","10.01","+47.64","-14.00","-16.74","13.86","18,443","2,427.00","",""
"20-Apr-2020","-37.63","-55.90","17.73","-40.32","17.85","247,947","13,044.00","-14.30","-11.99"
"17-Apr-2020","18.27","-1.60","20.00","17.31","20.22","240,628","108,593.00","17.61","18.25"
"16-Apr-2020","19.87","0.00","20.15","19.42","20.53","350,942","148,838.00","19.64","19.81"
"15-Apr-2020","19.87","-0.24","20.72","19.20","20.89","544,797","203,897.00","20.10","20.18"
"14-Apr-2020","20.11","-2.30","22.36","19.95","23.08","785,478","231,678.00","20.60","20.83"
"13-Apr-2020","22.41","-0.35","24.60","22.03","24.74","775,120","324,547.00","22.35","22.45"
"09-Apr-2020","22.76","-2.33","26.28","22.57","28.36","1,122,149","374,727.00","23.11","23.45"
"08-Apr-2020","25.09","+1.46","24.30","23.74","26.45","823,554","445,563.00","26.04","26.22"
"07-Apr-2020","23.63","-2.45","26.34","23.54","27.24","797,707","516,106.00","24.14","24.50"
"06-Apr-2020","26.08","-2.26","26.09","25.28","28.24","752,710","579,261.00","26.27","26.39"
"03-Apr-2020","28.34","+3.02","24.81","23.52","29.13","1,007,577","595,835.00","28.85","29.15"
"02-Apr-2020","25.32","+5.01","21.22","20.76","27.39","1,095,972","634,727.00","24.71","25.00"
"01-Apr-2020","20.31","-0.17","20.10","19.90","21.55","703,286","628,603.00","21.12","21.21"
"31-Mar-2020","20.48","+0.39","20.23","20.01","21.89","660,082","627,441.00","20.10","20.22"
"30-Mar-2020","20.09","-1.42","20.93","19.27","20.93","758,711","610,071.00","20.10","20.29"
"27-Mar-2020","21.51","-1.09","23.29","20.88","23.44","603,124","579,954.00","21.70","21.92"
"26-Mar-2020","22.60","-1.89","24.25","22.38","24.65","633,877","564,179.00","23.04","23.28"
"25-Mar-2020","24.49","+0.48","24.37","22.91","25.24","618,725","550,318.00","24.15","24.40"
"24-Mar-2020","24.01","+0.65","23.87","23.09","25.16","659,697","542,885.00","24.20","24.40"
"23-Mar-2020","23.36","+0.93","22.52","20.80","24.07","852,951","546,699.00","23.71","24.05"
"20-Mar-2020","22.43","-2.79","24.73","19.46","27.89","29,759","3,366.00","",""
"19-Mar-2020","25.22","+4.85","22.30","21.36","27.71","136,722","18,004.00","20.30","27.03"
"18-Mar-2020","20.37","-6.58","26.94","20.06","27.22","309,481","67,639.00","22.06","22.98"
"17-Mar-2020","26.95","-1.75","28.69","26.63","30.30","545,820","82,259.00","26.72","26.96"
"16-Mar-2020","28.70","-3.03","33.75","28.10","33.75","698,829","138,291.00","28.49","28.99"
"13-Mar-2020","31.73","+0.23","30.77","30.33","33.87","743,129","172,993.00","32.27","33.50"
"12-Mar-2020","31.50","-1.48","33.07","30.02","33.63","1,025,036","221,602.00","30.79","31.09"
"11-Mar-2020","32.98","-1.38","34.62","32.56","36.35","874,646","265,605.00","32.96","33.27"
"10-Mar-2020","34.36","+3.23","30.37","30.20","35.02","1,064,632","300,025.00","34.70","34.98"
"09-Mar-2020","31.13","-10.15","32.87","27.34","34.88","1,774,383","341,974.00","30.17","30.33"
"06-Mar-2020","41.28","-4.62","46.09","41.05","46.38","1,276,180","358,981.00","41.37","41.65"
"05-Mar-2020","45.90","-0.88","47.13","45.65","47.57","704,591","392,112.00","45.99","46.05"
"04-Mar-2020","46.78","-0.40","46.94","46.65","48.41","745,856","403,390.00","47.15","47.23"
"03-Mar-2020","47.18","+0.43","47.72","46.47","48.66","1,011,933","410,273.00","47.04","47.29"
"02-Mar-2020","46.75","+1.99","43.70","43.32","47.56","949,471","418,911.00","47.48","47.53"
"28-Feb-2020","44.76","-2.33","46.49","43.85","47.03","1,101,659","430,959.00","45.21","45.39"
"27-Feb-2020","47.09","-1.64","48.63","45.88","48.78","1,011,915","427,227.00","46.16","46.44"
"26-Feb-2020","48.73","-1.17","50.08","48.30","50.44","884,482","418,249.00","48.58","48.71"
"25-Feb-2020","49.90","-1.53","51.37","49.69","52.02","764,989","415,400.00","50.01","50.17"
"24-Feb-2020","51.43","-1.95","52.60","50.45","52.64","765,515","412,024.00","51.27","51.38"
"21-Feb-2020","53.38","-0.40","53.74","52.55","53.86","707,555","407,589.00","53.31","53.54"
"20-Feb-2020","53.78","+0.49","53.50","53.22","54.50","30,667","45.00","",""
"19-Feb-2020","53.29","+1.24","52.12","51.93","53.66","113,683","18,474.00","52.40","53.72"
"18-Feb-2020","52.05","0.00","52.23","50.88","52.41","221,774","49,517.00","51.80","52.20"
"14-Feb-2020","52.05","+0.63","51.51","51.32","52.34","607,343","85,385.00","52.09","52.30"
"13-Feb-2020","51.42","+0.25","51.72","50.60","51.96","745,400","157,931.00","51.50","51.65"
"12-Feb-2020","51.17","+1.23","49.96","49.95","51.73","795,256","214,576.00","51.64","51.72"
"11-Feb-2020","49.94","+0.37","49.61","49.58","50.69","725,733","278,095.00","49.92","50.09"
"10-Feb-2020","49.57","-0.75","50.12","49.42","50.49","715,894","335,932.00","49.58","49.65"
"07-Feb-2020","50.32","-0.63","51.11","50.09","51.48","768,345","379,169.00","50.26","50.42"
"06-Feb-2020","50.95","+0.20","51.17","50.24","52.20","750,659","430,469.00","51.05","51.09"
"05-Feb-2020","50.75","+1.14","49.51","49.47","51.88","887,946","442,120.00","51.15","51.25"
"04-Feb-2020","49.61","-0.50","49.94","49.31","51.55","859,357","458,035.00","49.35","49.49"
"03-Feb-2020","50.11","-1.45","51.01","49.80","51.97","876,044","470,020.00","49.80","49.94"
"31-Jan-2020","51.56","-0.58","52.92","50.97","53.36","827,907","474,837.00","51.55","51.65"
"30-Jan-2020","52.14","-1.19","53.09","51.66","53.20","720,123","469,599.00","52.88","52.97"
"29-Jan-2020","53.33","-0.15","53.97","52.81","54.37","624,979","475,517.00","53.05","53.15"
"28-Jan-2020","53.48","+0.34","52.77","52.68","54.06","633,963","478,095.00","53.90","54.00"
"27-Jan-2020","53.14","-1.05","53.70","52.13","53.71","712,880","482,572.00","52.80","52.84"
"24-Jan-2020","54.19","-1.40","55.69","53.85","55.95","586,195","487,487.00","54.05","54.34"
"23-Jan-2020","55.59","-1.15","56.11","54.77","56.27","703,995","479,247.00","55.68","55.72"
"22-Jan-2020","56.74","-1.60","58.26","56.03","58.38","620,119","483,899.00","56.03","56.14"
"21-Jan-2020","58.34","-0.20","59.17","57.68","59.73","50,183","5,363.00","57.59","58.28"
"17-Jan-2020","58.54","+0.02","58.59","58.27","58.98","122,561","31,495.00","58.48","58.91"
"16-Jan-2020","58.52","+0.71","58.10","57.56","58.87","182,871","73,735.00","58.58","58.62"
"15-Jan-2020","57.81","-0.42","58.20","57.36","58.36","433,169","96,523.00","58.08","58.10"
"14-Jan-2020","58.23","+0.15","58.03","57.72","58.72","507,714","136,771.00","58.12","58.18"
"13-Jan-2020","58.08","-0.96","59.04","57.91","59.27","584,002","185,715.00","58.04","58.10"
"10-Jan-2020","59.04","-0.52","59.61","58.85","59.78","596,186","235,115.00","59.04","59.28"
"09-Jan-2020","59.56","-0.05","59.99","58.66","60.31","750,933","281,957.00","59.57","59.69"
"08-Jan-2020","59.61","-3.09","62.84","59.15","65.65","1,205,710","321,112.00","59.87","60.02"
"07-Jan-2020","62.70","-0.57","62.91","62.11","63.15","582,649","355,552.00","62.67","62.77"
"06-Jan-2020","63.27","+0.22","63.71","62.64","64.72","724,236","368,505.00","62.79","62.87"
"03-Jan-2020","63.05","+1.87","61.18","61.13","64.09","885,861","388,479.00","62.97","63.09"
"02-Jan-2020","61.18","","61.60","60.64","61.60","486,873","397,446.00","61.12","61.19"
"","","","","","","","","",""
